[00:30:48] === E4 model=M3 tag=mistral_7b_v0_1 device=cuda seed=20260908 profile=budget ===
[00:30:48] Loading mistralai/Mistral-7B-v0.1@main (27d67f1b5f57dc0953326b2601d68371d40ea8da) dtype=torch.bfloat16 device=cuda
Loading weights:   0%|          | 0/291 [00:00<?, ?it/s]Loading weights: 100%|██████████| 291/291 [00:00<00:00, 12086.97it/s]
[00:30:51]   attention: flash_attention_2
[00:30:51]   flash_attention_2 failed a forward pass (NotImplementedError); reloading with sdpa
Loading weights:   0%|          | 0/291 [00:00<?, ?it/s]Loading weights: 100%|██████████| 291/291 [00:00<00:00, 11184.09it/s]
[00:31:03] BBQ: 7868 examples, 343 template clusters
[00:31:10] WinoBias: 3168 examples (0 skipped), 1584 sentence clusters
[00:31:11] Discrim-Eval[explicit]: 5250 examples, 70 decision questions
[00:31:11] E4 search set: 2506 of 5113 selection examples, ppl on 2048 tokens
[00:31:14]   scored 504/6404 candidate sequences
[00:31:15]   scored 1000/6404 candidate sequences
[00:31:16]   scored 1504/6404 candidate sequences
[00:31:18]   scored 2000/6404 candidate sequences
[00:31:19]   scored 2504/6404 candidate sequences
[00:31:20]   scored 3000/6404 candidate sequences
[00:31:22]   scored 3504/6404 candidate sequences
[00:31:24]   scored 4000/6404 candidate sequences
[00:31:26]   scored 4504/6404 candidate sequences
[00:31:28]   scored 5000/6404 candidate sequences
[00:31:30]   scored 5504/6404 candidate sequences
[00:31:33]   scored 6000/6404 candidate sequences
[00:31:42]   scored 504/18514 candidate sequences
[00:31:43]   scored 1000/18514 candidate sequences
[00:31:44]   scored 1504/18514 candidate sequences
[00:31:45]   scored 2000/18514 candidate sequences
[00:31:46]   scored 2504/18514 candidate sequences
[00:31:48]   scored 3000/18514 candidate sequences
[00:31:49]   scored 3504/18514 candidate sequences
[00:31:50]   scored 4000/18514 candidate sequences
[00:31:51]   scored 4504/18514 candidate sequences
[00:31:53]   scored 5000/18514 candidate sequences
[00:31:54]   scored 5504/18514 candidate sequences
[00:31:56]   scored 6000/18514 candidate sequences
[00:31:57]   scored 6504/18514 candidate sequences
[00:31:58]   scored 7000/18514 candidate sequences
[00:32:00]   scored 7504/18514 candidate sequences
[00:32:01]   scored 8000/18514 candidate sequences
[00:32:02]   scored 8504/18514 candidate sequences
[00:32:04]   scored 9000/18514 candidate sequences
[00:32:05]   scored 9504/18514 candidate sequences
[00:32:07]   scored 10000/18514 candidate sequences
[00:32:09]   scored 10504/18514 candidate sequences
[00:32:11]   scored 11000/18514 candidate sequences
[00:32:12]   scored 11504/18514 candidate sequences
[00:32:14]   scored 12000/18514 candidate sequences
[00:32:16]   scored 12504/18514 candidate sequences
[00:32:18]   scored 13000/18514 candidate sequences
[00:32:20]   scored 13504/18514 candidate sequences
[00:32:22]   scored 14000/18514 candidate sequences
[00:32:25]   scored 14504/18514 candidate sequences
[00:32:28]   scored 15000/18514 candidate sequences
[00:32:30]   scored 15504/18514 candidate sequences
[00:32:33]   scored 16000/18514 candidate sequences
[00:32:36]   scored 16504/18514 candidate sequences
[00:32:40]   scored 17000/18514 candidate sequences
[00:32:43]   scored 17504/18514 candidate sequences
[00:32:47]   scored 18000/18514 candidate sequences
[00:32:51]   scored 18504/18514 candidate sequences
[00:32:51] counterfactual pairs: 1707
[00:32:51] counterfactual pairs: 5326
[00:33:10]   scored 504/18514 candidate sequences
[00:33:11]   scored 1000/18514 candidate sequences
[00:33:12]   scored 1504/18514 candidate sequences
[00:33:13]   scored 2000/18514 candidate sequences
[00:33:14]   scored 2504/18514 candidate sequences
[00:33:15]   scored 3000/18514 candidate sequences
[00:33:17]   scored 3504/18514 candidate sequences
[00:33:18]   scored 4000/18514 candidate sequences
[00:33:19]   scored 4504/18514 candidate sequences
[00:33:21]   scored 5000/18514 candidate sequences
[00:33:22]   scored 5504/18514 candidate sequences
[00:33:23]   scored 6000/18514 candidate sequences
[00:33:25]   scored 6504/18514 candidate sequences
[00:33:26]   scored 7000/18514 candidate sequences
[00:33:27]   scored 7504/18514 candidate sequences
[00:33:29]   scored 8000/18514 candidate sequences
[00:33:30]   scored 8504/18514 candidate sequences
[00:33:32]   scored 9000/18514 candidate sequences
[00:33:33]   scored 9504/18514 candidate sequences
[00:33:35]   scored 10000/18514 candidate sequences
[00:33:37]   scored 10504/18514 candidate sequences
[00:33:38]   scored 11000/18514 candidate sequences
[00:33:40]   scored 11504/18514 candidate sequences
[00:33:42]   scored 12000/18514 candidate sequences
[00:33:44]   scored 12504/18514 candidate sequences
[00:33:46]   scored 13000/18514 candidate sequences
[00:33:48]   scored 13504/18514 candidate sequences
[00:33:50]   scored 14000/18514 candidate sequences
[00:33:53]   scored 14504/18514 candidate sequences
[00:33:55]   scored 15000/18514 candidate sequences
[00:33:58]   scored 15504/18514 candidate sequences
[00:34:01]   scored 16000/18514 candidate sequences
[00:34:04]   scored 16504/18514 candidate sequences
[00:34:07]   scored 17000/18514 candidate sequences
[00:34:11]   scored 17504/18514 candidate sequences
[00:34:15]   scored 18000/18514 candidate sequences
[00:34:19]   scored 18504/18514 candidate sequences
[00:34:24] restoration uniform4: J=0.0902 H=0.1389 acc=0.8193657984144961 bytes=4150796288
[00:34:31]   scored 504/18514 candidate sequences
[00:34:33]   scored 1000/18514 candidate sequences
[00:34:34]   scored 1504/18514 candidate sequences
[00:34:35]   scored 2000/18514 candidate sequences
[00:34:36]   scored 2504/18514 candidate sequences
[00:34:37]   scored 3000/18514 candidate sequences
[00:34:38]   scored 3504/18514 candidate sequences
[00:34:40]   scored 4000/18514 candidate sequences
[00:34:41]   scored 4504/18514 candidate sequences
[00:34:42]   scored 5000/18514 candidate sequences
[00:34:44]   scored 5504/18514 candidate sequences
[00:34:45]   scored 6000/18514 candidate sequences
[00:34:46]   scored 6504/18514 candidate sequences
[00:34:48]   scored 7000/18514 candidate sequences
[00:34:49]   scored 7504/18514 candidate sequences
[00:34:50]   scored 8000/18514 candidate sequences
[00:34:52]   scored 8504/18514 candidate sequences
[00:34:53]   scored 9000/18514 candidate sequences
[00:34:55]   scored 9504/18514 candidate sequences
[00:34:57]   scored 10000/18514 candidate sequences
[00:34:58]   scored 10504/18514 candidate sequences
[00:35:00]   scored 11000/18514 candidate sequences
[00:35:02]   scored 11504/18514 candidate sequences
[00:35:04]   scored 12000/18514 candidate sequences
[00:35:06]   scored 12504/18514 candidate sequences
[00:35:07]   scored 13000/18514 candidate sequences
[00:35:10]   scored 13504/18514 candidate sequences
[00:35:12]   scored 14000/18514 candidate sequences
[00:35:14]   scored 14504/18514 candidate sequences
[00:35:17]   scored 15000/18514 candidate sequences
[00:35:20]   scored 15504/18514 candidate sequences
[00:35:23]   scored 16000/18514 candidate sequences
[00:35:26]   scored 16504/18514 candidate sequences
[00:35:29]   scored 17000/18514 candidate sequences
[00:35:33]   scored 17504/18514 candidate sequences
[00:35:36]   scored 18000/18514 candidate sequences
[00:35:40]   scored 18504/18514 candidate sequences
[00:35:46] restoration restore_predicted: J=0.1189 H=0.1667 acc=0.8187995469988675 bytes=6088171520
[00:35:53]   scored 504/18514 candidate sequences
[00:35:54]   scored 1000/18514 candidate sequences
[00:35:55]   scored 1504/18514 candidate sequences
[00:35:56]   scored 2000/18514 candidate sequences
[00:35:57]   scored 2504/18514 candidate sequences
[00:35:59]   scored 3000/18514 candidate sequences
[00:36:00]   scored 3504/18514 candidate sequences
[00:36:01]   scored 4000/18514 candidate sequences
[00:36:02]   scored 4504/18514 candidate sequences
[00:36:04]   scored 5000/18514 candidate sequences
[00:36:05]   scored 5504/18514 candidate sequences
[00:36:06]   scored 6000/18514 candidate sequences
[00:36:08]   scored 6504/18514 candidate sequences
[00:36:09]   scored 7000/18514 candidate sequences
[00:36:10]   scored 7504/18514 candidate sequences
[00:36:12]   scored 8000/18514 candidate sequences
[00:36:13]   scored 8504/18514 candidate sequences
[00:36:15]   scored 9000/18514 candidate sequences
[00:36:16]   scored 9504/18514 candidate sequences
[00:36:18]   scored 10000/18514 candidate sequences
[00:36:20]   scored 10504/18514 candidate sequences
[00:36:21]   scored 11000/18514 candidate sequences
[00:36:23]   scored 11504/18514 candidate sequences
[00:36:25]   scored 12000/18514 candidate sequences
[00:36:27]   scored 12504/18514 candidate sequences
[00:36:29]   scored 13000/18514 candidate sequences
[00:36:31]   scored 13504/18514 candidate sequences
[00:36:33]   scored 14000/18514 candidate sequences
[00:36:36]   scored 14504/18514 candidate sequences
[00:36:38]   scored 15000/18514 candidate sequences
[00:36:41]   scored 15504/18514 candidate sequences
[00:36:44]   scored 16000/18514 candidate sequences
[00:36:47]   scored 16504/18514 candidate sequences
[00:36:51]   scored 17000/18514 candidate sequences
[00:36:54]   scored 17504/18514 candidate sequences
[00:36:58]   scored 18000/18514 candidate sequences
[00:37:02]   scored 18504/18514 candidate sequences
[00:37:07] restoration restore_random: J=0.1324 H=0.1389 acc=0.818233295583239 bytes=5647294464
[00:37:14]   scored 504/18514 candidate sequences
[00:37:15]   scored 1000/18514 candidate sequences
[00:37:16]   scored 1504/18514 candidate sequences
[00:37:18]   scored 2000/18514 candidate sequences
[00:37:19]   scored 2504/18514 candidate sequences
[00:37:20]   scored 3000/18514 candidate sequences
[00:37:21]   scored 3504/18514 candidate sequences
[00:37:22]   scored 4000/18514 candidate sequences
[00:37:24]   scored 4504/18514 candidate sequences
[00:37:25]   scored 5000/18514 candidate sequences
[00:37:26]   scored 5504/18514 candidate sequences
[00:37:28]   scored 6000/18514 candidate sequences
[00:37:29]   scored 6504/18514 candidate sequences
[00:37:31]   scored 7000/18514 candidate sequences
[00:37:32]   scored 7504/18514 candidate sequences
[00:37:33]   scored 8000/18514 candidate sequences
[00:37:35]   scored 8504/18514 candidate sequences
[00:37:36]   scored 9000/18514 candidate sequences
[00:37:38]   scored 9504/18514 candidate sequences
[00:37:39]   scored 10000/18514 candidate sequences
[00:37:41]   scored 10504/18514 candidate sequences
[00:37:43]   scored 11000/18514 candidate sequences
[00:37:45]   scored 11504/18514 candidate sequences
[00:37:46]   scored 12000/18514 candidate sequences
[00:37:48]   scored 12504/18514 candidate sequences
[00:37:50]   scored 13000/18514 candidate sequences
[00:37:52]   scored 13504/18514 candidate sequences
[00:37:54]   scored 14000/18514 candidate sequences
[00:37:57]   scored 14504/18514 candidate sequences
[00:38:00]   scored 15000/18514 candidate sequences
[00:38:03]   scored 15504/18514 candidate sequences
[00:38:06]   scored 16000/18514 candidate sequences
[00:38:09]   scored 16504/18514 candidate sequences
[00:38:12]   scored 17000/18514 candidate sequences
[00:38:15]   scored 17504/18514 candidate sequences
[00:38:19]   scored 18000/18514 candidate sequences
[00:38:23]   scored 18504/18514 candidate sequences
[00:38:28] restoration restore_utility: J=0.0980 H=0.1000 acc=0.8312570781426953 bytes=5765275648
[00:38:33]   scored 504/6404 candidate sequences
[00:38:34]   scored 1000/6404 candidate sequences
[00:38:35]   scored 1504/6404 candidate sequences
[00:38:37]   scored 2000/6404 candidate sequences
[00:38:38]   scored 2504/6404 candidate sequences
[00:38:39]   scored 3000/6404 candidate sequences
[00:38:41]   scored 3504/6404 candidate sequences
[00:38:43]   scored 4000/6404 candidate sequences
[00:38:44]   scored 4504/6404 candidate sequences
[00:38:46]   scored 5000/6404 candidate sequences
[00:38:49]   scored 5504/6404 candidate sequences
[00:38:52]   scored 6000/6404 candidate sequences
[00:39:03]   scored 504/6404 candidate sequences
[00:39:04]   scored 1000/6404 candidate sequences
[00:39:05]   scored 1504/6404 candidate sequences
[00:39:06]   scored 2000/6404 candidate sequences
[00:39:08]   scored 2504/6404 candidate sequences
[00:39:09]   scored 3000/6404 candidate sequences
[00:39:11]   scored 3504/6404 candidate sequences
[00:39:12]   scored 4000/6404 candidate sequences
[00:39:14]   scored 4504/6404 candidate sequences
[00:39:16]   scored 5000/6404 candidate sequences
[00:39:19]   scored 5504/6404 candidate sequences
[00:39:22]   scored 6000/6404 candidate sequences
[00:39:28] [greedy_bias_aware] start J=0.1178 bytes=4150796288 budget=4565875916
[00:39:32]   scored 504/6404 candidate sequences
[00:39:34]   scored 1000/6404 candidate sequences
[00:39:35]   scored 1504/6404 candidate sequences
[00:39:36]   scored 2000/6404 candidate sequences
[00:39:38]   scored 2504/6404 candidate sequences
[00:39:39]   scored 3000/6404 candidate sequences
[00:39:40]   scored 3504/6404 candidate sequences
[00:39:42]   scored 4000/6404 candidate sequences
[00:39:44]   scored 4504/6404 candidate sequences
[00:39:46]   scored 5000/6404 candidate sequences
[00:39:49]   scored 5504/6404 candidate sequences
[00:39:52]   scored 6000/6404 candidate sequences
[00:40:02]   scored 504/6404 candidate sequences
[00:40:03]   scored 1000/6404 candidate sequences
[00:40:05]   scored 1504/6404 candidate sequences
[00:40:06]   scored 2000/6404 candidate sequences
[00:40:07]   scored 2504/6404 candidate sequences
[00:40:09]   scored 3000/6404 candidate sequences
[00:40:10]   scored 3504/6404 candidate sequences
[00:40:12]   scored 4000/6404 candidate sequences
[00:40:14]   scored 4504/6404 candidate sequences
[00:40:16]   scored 5000/6404 candidate sequences
[00:40:18]   scored 5504/6404 candidate sequences
[00:40:21]   scored 6000/6404 candidate sequences
[00:40:32]   scored 504/6404 candidate sequences
[00:40:33]   scored 1000/6404 candidate sequences
[00:40:34]   scored 1504/6404 candidate sequences
[00:40:36]   scored 2000/6404 candidate sequences
[00:40:37]   scored 2504/6404 candidate sequences
[00:40:38]   scored 3000/6404 candidate sequences
[00:40:40]   scored 3504/6404 candidate sequences
[00:40:42]   scored 4000/6404 candidate sequences
[00:40:44]   scored 4504/6404 candidate sequences
[00:40:46]   scored 5000/6404 candidate sequences
[00:40:48]   scored 5504/6404 candidate sequences
[00:40:51]   scored 6000/6404 candidate sequences
[00:41:02]   scored 504/6404 candidate sequences
[00:41:03]   scored 1000/6404 candidate sequences
[00:41:04]   scored 1504/6404 candidate sequences
[00:41:05]   scored 2000/6404 candidate sequences
[00:41:07]   scored 2504/6404 candidate sequences
[00:41:08]   scored 3000/6404 candidate sequences
[00:41:10]   scored 3504/6404 candidate sequences
[00:41:11]   scored 4000/6404 candidate sequences
[00:41:13]   scored 4504/6404 candidate sequences
[00:41:15]   scored 5000/6404 candidate sequences
[00:41:18]   scored 5504/6404 candidate sequences
[00:41:21]   scored 6000/6404 candidate sequences
[00:41:31]   scored 504/6404 candidate sequences
[00:41:32]   scored 1000/6404 candidate sequences
[00:41:34]   scored 1504/6404 candidate sequences
[00:41:35]   scored 2000/6404 candidate sequences
[00:41:36]   scored 2504/6404 candidate sequences
[00:41:38]   scored 3000/6404 candidate sequences
[00:41:39]   scored 3504/6404 candidate sequences
[00:41:41]   scored 4000/6404 candidate sequences
[00:41:43]   scored 4504/6404 candidate sequences
[00:41:45]   scored 5000/6404 candidate sequences
[00:41:47]   scored 5504/6404 candidate sequences
[00:41:51]   scored 6000/6404 candidate sequences
[00:42:01]   scored 504/6404 candidate sequences
[00:42:02]   scored 1000/6404 candidate sequences
[00:42:04]   scored 1504/6404 candidate sequences
[00:42:05]   scored 2000/6404 candidate sequences
[00:42:06]   scored 2504/6404 candidate sequences
[00:42:08]   scored 3000/6404 candidate sequences
[00:42:09]   scored 3504/6404 candidate sequences
[00:42:11]   scored 4000/6404 candidate sequences
[00:42:13]   scored 4504/6404 candidate sequences
[00:42:15]   scored 5000/6404 candidate sequences
[00:42:17]   scored 5504/6404 candidate sequences
[00:42:20]   scored 6000/6404 candidate sequences
[00:42:31]   scored 504/6404 candidate sequences
[00:42:32]   scored 1000/6404 candidate sequences
[00:42:33]   scored 1504/6404 candidate sequences
[00:42:35]   scored 2000/6404 candidate sequences
[00:42:36]   scored 2504/6404 candidate sequences
[00:42:37]   scored 3000/6404 candidate sequences
[00:42:39]   scored 3504/6404 candidate sequences
[00:42:41]   scored 4000/6404 candidate sequences
[00:42:42]   scored 4504/6404 candidate sequences
[00:42:44]   scored 5000/6404 candidate sequences
[00:42:47]   scored 5504/6404 candidate sequences
[00:42:50]   scored 6000/6404 candidate sequences
[00:43:00]   scored 504/6404 candidate sequences
[00:43:01]   scored 1000/6404 candidate sequences
[00:43:03]   scored 1504/6404 candidate sequences
[00:43:04]   scored 2000/6404 candidate sequences
[00:43:05]   scored 2504/6404 candidate sequences
[00:43:07]   scored 3000/6404 candidate sequences
[00:43:08]   scored 3504/6404 candidate sequences
[00:43:10]   scored 4000/6404 candidate sequences
[00:43:12]   scored 4504/6404 candidate sequences
[00:43:14]   scored 5000/6404 candidate sequences
[00:43:16]   scored 5504/6404 candidate sequences
[00:43:19]   scored 6000/6404 candidate sequences
[00:43:30]   scored 504/6404 candidate sequences
[00:43:31]   scored 1000/6404 candidate sequences
[00:43:32]   scored 1504/6404 candidate sequences
[00:43:34]   scored 2000/6404 candidate sequences
[00:43:35]   scored 2504/6404 candidate sequences
[00:43:36]   scored 3000/6404 candidate sequences
[00:43:38]   scored 3504/6404 candidate sequences
[00:43:40]   scored 4000/6404 candidate sequences
[00:43:42]   scored 4504/6404 candidate sequences
[00:43:43]   scored 5000/6404 candidate sequences
[00:43:46]   scored 5504/6404 candidate sequences
[00:43:49]   scored 6000/6404 candidate sequences
[00:44:00]   scored 504/6404 candidate sequences
[00:44:01]   scored 1000/6404 candidate sequences
[00:44:02]   scored 1504/6404 candidate sequences
[00:44:03]   scored 2000/6404 candidate sequences
[00:44:05]   scored 2504/6404 candidate sequences
[00:44:06]   scored 3000/6404 candidate sequences
[00:44:08]   scored 3504/6404 candidate sequences
[00:44:09]   scored 4000/6404 candidate sequences
[00:44:11]   scored 4504/6404 candidate sequences
[00:44:13]   scored 5000/6404 candidate sequences
[00:44:16]   scored 5504/6404 candidate sequences
[00:44:19]   scored 6000/6404 candidate sequences
[00:44:30]   scored 504/6404 candidate sequences
[00:44:31]   scored 1000/6404 candidate sequences
[00:44:32]   scored 1504/6404 candidate sequences
[00:44:33]   scored 2000/6404 candidate sequences
[00:44:35]   scored 2504/6404 candidate sequences
[00:44:36]   scored 3000/6404 candidate sequences
[00:44:38]   scored 3504/6404 candidate sequences
[00:44:39]   scored 4000/6404 candidate sequences
[00:44:41]   scored 4504/6404 candidate sequences
[00:44:43]   scored 5000/6404 candidate sequences
[00:44:46]   scored 5504/6404 candidate sequences
[00:44:49]   scored 6000/6404 candidate sequences
[00:44:59]   scored 504/6404 candidate sequences
[00:45:00]   scored 1000/6404 candidate sequences
[00:45:01]   scored 1504/6404 candidate sequences
[00:45:03]   scored 2000/6404 candidate sequences
[00:45:04]   scored 2504/6404 candidate sequences
[00:45:05]   scored 3000/6404 candidate sequences
[00:45:07]   scored 3504/6404 candidate sequences
[00:45:09]   scored 4000/6404 candidate sequences
[00:45:11]   scored 4504/6404 candidate sequences
[00:45:13]   scored 5000/6404 candidate sequences
[00:45:15]   scored 5504/6404 candidate sequences
[00:45:18]   scored 6000/6404 candidate sequences
[00:45:29]   scored 504/6404 candidate sequences
[00:45:30]   scored 1000/6404 candidate sequences
[00:45:31]   scored 1504/6404 candidate sequences
[00:45:33]   scored 2000/6404 candidate sequences
[00:45:34]   scored 2504/6404 candidate sequences
[00:45:35]   scored 3000/6404 candidate sequences
[00:45:37]   scored 3504/6404 candidate sequences
[00:45:39]   scored 4000/6404 candidate sequences
[00:45:40]   scored 4504/6404 candidate sequences
[00:45:42]   scored 5000/6404 candidate sequences
[00:45:45]   scored 5504/6404 candidate sequences
[00:45:48]   scored 6000/6404 candidate sequences
[00:45:58]   scored 504/6404 candidate sequences
[00:46:00]   scored 1000/6404 candidate sequences
[00:46:01]   scored 1504/6404 candidate sequences
[00:46:02]   scored 2000/6404 candidate sequences
[00:46:04]   scored 2504/6404 candidate sequences
[00:46:05]   scored 3000/6404 candidate sequences
[00:46:06]   scored 3504/6404 candidate sequences
[00:46:08]   scored 4000/6404 candidate sequences
[00:46:10]   scored 4504/6404 candidate sequences
[00:46:12]   scored 5000/6404 candidate sequences
[00:46:15]   scored 5504/6404 candidate sequences
[00:46:18]   scored 6000/6404 candidate sequences
[00:46:28]   scored 504/6404 candidate sequences
[00:46:29]   scored 1000/6404 candidate sequences
[00:46:31]   scored 1504/6404 candidate sequences
[00:46:32]   scored 2000/6404 candidate sequences
[00:46:33]   scored 2504/6404 candidate sequences
[00:46:35]   scored 3000/6404 candidate sequences
[00:46:36]   scored 3504/6404 candidate sequences
[00:46:38]   scored 4000/6404 candidate sequences
[00:46:40]   scored 4504/6404 candidate sequences
[00:46:42]   scored 5000/6404 candidate sequences
[00:46:44]   scored 5504/6404 candidate sequences
[00:46:48]   scored 6000/6404 candidate sequences
[00:46:58]   scored 504/6404 candidate sequences
[00:46:59]   scored 1000/6404 candidate sequences
[00:47:00]   scored 1504/6404 candidate sequences
[00:47:02]   scored 2000/6404 candidate sequences
[00:47:03]   scored 2504/6404 candidate sequences
[00:47:04]   scored 3000/6404 candidate sequences
[00:47:06]   scored 3504/6404 candidate sequences
[00:47:08]   scored 4000/6404 candidate sequences
[00:47:09]   scored 4504/6404 candidate sequences
[00:47:11]   scored 5000/6404 candidate sequences
[00:47:14]   scored 5504/6404 candidate sequences
[00:47:17]   scored 6000/6404 candidate sequences
[00:47:28]   scored 504/6404 candidate sequences
[00:47:29]   scored 1000/6404 candidate sequences
[00:47:30]   scored 1504/6404 candidate sequences
[00:47:31]   scored 2000/6404 candidate sequences
[00:47:33]   scored 2504/6404 candidate sequences
[00:47:34]   scored 3000/6404 candidate sequences
[00:47:36]   scored 3504/6404 candidate sequences
[00:47:37]   scored 4000/6404 candidate sequences
[00:47:39]   scored 4504/6404 candidate sequences
[00:47:41]   scored 5000/6404 candidate sequences
[00:47:44]   scored 5504/6404 candidate sequences
[00:47:47]   scored 6000/6404 candidate sequences
[00:47:58]   scored 504/6404 candidate sequences
[00:47:59]   scored 1000/6404 candidate sequences
[00:48:00]   scored 1504/6404 candidate sequences
[00:48:01]   scored 2000/6404 candidate sequences
[00:48:03]   scored 2504/6404 candidate sequences
[00:48:04]   scored 3000/6404 candidate sequences
[00:48:06]   scored 3504/6404 candidate sequences
[00:48:07]   scored 4000/6404 candidate sequences
[00:48:09]   scored 4504/6404 candidate sequences
[00:48:11]   scored 5000/6404 candidate sequences
[00:48:14]   scored 5504/6404 candidate sequences
[00:48:17]   scored 6000/6404 candidate sequences
[00:48:27]   scored 504/6404 candidate sequences
[00:48:28]   scored 1000/6404 candidate sequences
[00:48:30]   scored 1504/6404 candidate sequences
[00:48:31]   scored 2000/6404 candidate sequences
[00:48:32]   scored 2504/6404 candidate sequences
[00:48:34]   scored 3000/6404 candidate sequences
[00:48:35]   scored 3504/6404 candidate sequences
[00:48:37]   scored 4000/6404 candidate sequences
[00:48:39]   scored 4504/6404 candidate sequences
[00:48:41]   scored 5000/6404 candidate sequences
[00:48:43]   scored 5504/6404 candidate sequences
[00:48:46]   scored 6000/6404 candidate sequences
[00:48:57]   scored 504/6404 candidate sequences
[00:48:58]   scored 1000/6404 candidate sequences
[00:48:59]   scored 1504/6404 candidate sequences
[00:49:00]   scored 2000/6404 candidate sequences
[00:49:02]   scored 2504/6404 candidate sequences
[00:49:03]   scored 3000/6404 candidate sequences
[00:49:05]   scored 3504/6404 candidate sequences
[00:49:06]   scored 4000/6404 candidate sequences
[00:49:08]   scored 4504/6404 candidate sequences
[00:49:10]   scored 5000/6404 candidate sequences
[00:49:13]   scored 5504/6404 candidate sequences
[00:49:16]   scored 6000/6404 candidate sequences
[00:49:26]   scored 504/6404 candidate sequences
[00:49:28]   scored 1000/6404 candidate sequences
[00:49:29]   scored 1504/6404 candidate sequences
[00:49:30]   scored 2000/6404 candidate sequences
[00:49:31]   scored 2504/6404 candidate sequences
[00:49:33]   scored 3000/6404 candidate sequences
[00:49:34]   scored 3504/6404 candidate sequences
[00:49:36]   scored 4000/6404 candidate sequences
[00:49:38]   scored 4504/6404 candidate sequences
[00:49:40]   scored 5000/6404 candidate sequences
[00:49:42]   scored 5504/6404 candidate sequences
[00:49:46]   scored 6000/6404 candidate sequences
[00:49:56]   scored 504/6404 candidate sequences
[00:49:57]   scored 1000/6404 candidate sequences
[00:49:59]   scored 1504/6404 candidate sequences
[00:50:00]   scored 2000/6404 candidate sequences
[00:50:01]   scored 2504/6404 candidate sequences
[00:50:03]   scored 3000/6404 candidate sequences
[00:50:04]   scored 3504/6404 candidate sequences
[00:50:06]   scored 4000/6404 candidate sequences
[00:50:08]   scored 4504/6404 candidate sequences
[00:50:10]   scored 5000/6404 candidate sequences
[00:50:12]   scored 5504/6404 candidate sequences
[00:50:15]   scored 6000/6404 candidate sequences
[00:50:26]   scored 504/6404 candidate sequences
[00:50:27]   scored 1000/6404 candidate sequences
[00:50:28]   scored 1504/6404 candidate sequences
[00:50:30]   scored 2000/6404 candidate sequences
[00:50:31]   scored 2504/6404 candidate sequences
[00:50:32]   scored 3000/6404 candidate sequences
[00:50:34]   scored 3504/6404 candidate sequences
[00:50:36]   scored 4000/6404 candidate sequences
[00:50:37]   scored 4504/6404 candidate sequences
[00:50:39]   scored 5000/6404 candidate sequences
[00:50:42]   scored 5504/6404 candidate sequences
[00:50:45]   scored 6000/6404 candidate sequences
[00:50:56]   scored 504/6404 candidate sequences
[00:50:57]   scored 1000/6404 candidate sequences
[00:50:58]   scored 1504/6404 candidate sequences
[00:51:00]   scored 2000/6404 candidate sequences
[00:51:01]   scored 2504/6404 candidate sequences
[00:51:02]   scored 3000/6404 candidate sequences
[00:51:04]   scored 3504/6404 candidate sequences
[00:51:06]   scored 4000/6404 candidate sequences
[00:51:07]   scored 4504/6404 candidate sequences
[00:51:09]   scored 5000/6404 candidate sequences
[00:51:12]   scored 5504/6404 candidate sequences
[00:51:15]   scored 6000/6404 candidate sequences
[00:51:25]   scored 504/6404 candidate sequences
[00:51:26]   scored 1000/6404 candidate sequences
[00:51:28]   scored 1504/6404 candidate sequences
[00:51:29]   scored 2000/6404 candidate sequences
[00:51:30]   scored 2504/6404 candidate sequences
[00:51:32]   scored 3000/6404 candidate sequences
[00:51:33]   scored 3504/6404 candidate sequences
[00:51:35]   scored 4000/6404 candidate sequences
[00:51:37]   scored 4504/6404 candidate sequences
[00:51:39]   scored 5000/6404 candidate sequences
[00:51:41]   scored 5504/6404 candidate sequences
[00:51:45]   scored 6000/6404 candidate sequences
[00:51:55]   scored 504/6404 candidate sequences
[00:51:56]   scored 1000/6404 candidate sequences
[00:51:58]   scored 1504/6404 candidate sequences
[00:51:59]   scored 2000/6404 candidate sequences
[00:52:00]   scored 2504/6404 candidate sequences
[00:52:02]   scored 3000/6404 candidate sequences
[00:52:03]   scored 3504/6404 candidate sequences
[00:52:05]   scored 4000/6404 candidate sequences
[00:52:07]   scored 4504/6404 candidate sequences
[00:52:09]   scored 5000/6404 candidate sequences
[00:52:11]   scored 5504/6404 candidate sequences
[00:52:14]   scored 6000/6404 candidate sequences
[00:52:25]   scored 504/6404 candidate sequences
[00:52:26]   scored 1000/6404 candidate sequences
[00:52:27]   scored 1504/6404 candidate sequences
[00:52:29]   scored 2000/6404 candidate sequences
[00:52:30]   scored 2504/6404 candidate sequences
[00:52:31]   scored 3000/6404 candidate sequences
[00:52:33]   scored 3504/6404 candidate sequences
[00:52:35]   scored 4000/6404 candidate sequences
[00:52:36]   scored 4504/6404 candidate sequences
[00:52:38]   scored 5000/6404 candidate sequences
[00:52:41]   scored 5504/6404 candidate sequences
[00:52:44]   scored 6000/6404 candidate sequences
[00:52:55]   scored 504/6404 candidate sequences
[00:52:56]   scored 1000/6404 candidate sequences
[00:52:57]   scored 1504/6404 candidate sequences
[00:52:58]   scored 2000/6404 candidate sequences
[00:53:00]   scored 2504/6404 candidate sequences
[00:53:01]   scored 3000/6404 candidate sequences
[00:53:03]   scored 3504/6404 candidate sequences
[00:53:04]   scored 4000/6404 candidate sequences
[00:53:06]   scored 4504/6404 candidate sequences
[00:53:08]   scored 5000/6404 candidate sequences
[00:53:11]   scored 5504/6404 candidate sequences
[00:53:14]   scored 6000/6404 candidate sequences
[00:53:24]   scored 504/6404 candidate sequences
[00:53:25]   scored 1000/6404 candidate sequences
[00:53:26]   scored 1504/6404 candidate sequences
[00:53:28]   scored 2000/6404 candidate sequences
[00:53:29]   scored 2504/6404 candidate sequences
[00:53:30]   scored 3000/6404 candidate sequences
[00:53:32]   scored 3504/6404 candidate sequences
[00:53:34]   scored 4000/6404 candidate sequences
[00:53:36]   scored 4504/6404 candidate sequences
[00:53:38]   scored 5000/6404 candidate sequences
[00:53:40]   scored 5504/6404 candidate sequences
[00:53:43]   scored 6000/6404 candidate sequences
[00:53:54]   scored 504/6404 candidate sequences
[00:53:55]   scored 1000/6404 candidate sequences
[00:53:56]   scored 1504/6404 candidate sequences
[00:53:58]   scored 2000/6404 candidate sequences
[00:53:59]   scored 2504/6404 candidate sequences
[00:54:00]   scored 3000/6404 candidate sequences
[00:54:02]   scored 3504/6404 candidate sequences
[00:54:03]   scored 4000/6404 candidate sequences
[00:54:05]   scored 4504/6404 candidate sequences
[00:54:07]   scored 5000/6404 candidate sequences
[00:54:10]   scored 5504/6404 candidate sequences
[00:54:13]   scored 6000/6404 candidate sequences
[00:54:23]   scored 504/6404 candidate sequences
[00:54:25]   scored 1000/6404 candidate sequences
[00:54:26]   scored 1504/6404 candidate sequences
[00:54:27]   scored 2000/6404 candidate sequences
[00:54:29]   scored 2504/6404 candidate sequences
[00:54:30]   scored 3000/6404 candidate sequences
[00:54:32]   scored 3504/6404 candidate sequences
[00:54:33]   scored 4000/6404 candidate sequences
[00:54:35]   scored 4504/6404 candidate sequences
[00:54:37]   scored 5000/6404 candidate sequences
[00:54:40]   scored 5504/6404 candidate sequences
[00:54:43]   scored 6000/6404 candidate sequences
[00:54:53]   scored 504/6404 candidate sequences
[00:54:55]   scored 1000/6404 candidate sequences
[00:54:56]   scored 1504/6404 candidate sequences
[00:54:57]   scored 2000/6404 candidate sequences
[00:54:59]   scored 2504/6404 candidate sequences
[00:55:00]   scored 3000/6404 candidate sequences
[00:55:02]   scored 3504/6404 candidate sequences
[00:55:03]   scored 4000/6404 candidate sequences
[00:55:05]   scored 4504/6404 candidate sequences
[00:55:07]   scored 5000/6404 candidate sequences
[00:55:10]   scored 5504/6404 candidate sequences
[00:55:13]   scored 6000/6404 candidate sequences
[00:55:23]   scored 504/6404 candidate sequences
[00:55:24]   scored 1000/6404 candidate sequences
[00:55:25]   scored 1504/6404 candidate sequences
[00:55:27]   scored 2000/6404 candidate sequences
[00:55:28]   scored 2504/6404 candidate sequences
[00:55:29]   scored 3000/6404 candidate sequences
[00:55:31]   scored 3504/6404 candidate sequences
[00:55:33]   scored 4000/6404 candidate sequences
[00:55:34]   scored 4504/6404 candidate sequences
[00:55:36]   scored 5000/6404 candidate sequences
[00:55:39]   scored 5504/6404 candidate sequences
[00:55:42]   scored 6000/6404 candidate sequences
[00:55:53]   scored 504/6404 candidate sequences
[00:55:54]   scored 1000/6404 candidate sequences
[00:55:55]   scored 1504/6404 candidate sequences
[00:55:56]   scored 2000/6404 candidate sequences
[00:55:58]   scored 2504/6404 candidate sequences
[00:55:59]   scored 3000/6404 candidate sequences
[00:56:01]   scored 3504/6404 candidate sequences
[00:56:02]   scored 4000/6404 candidate sequences
[00:56:04]   scored 4504/6404 candidate sequences
[00:56:06]   scored 5000/6404 candidate sequences
[00:56:09]   scored 5504/6404 candidate sequences
[00:56:12]   scored 6000/6404 candidate sequences
[00:56:22]   scored 504/6404 candidate sequences
[00:56:24]   scored 1000/6404 candidate sequences
[00:56:25]   scored 1504/6404 candidate sequences
[00:56:26]   scored 2000/6404 candidate sequences
[00:56:28]   scored 2504/6404 candidate sequences
[00:56:29]   scored 3000/6404 candidate sequences
[00:56:30]   scored 3504/6404 candidate sequences
[00:56:32]   scored 4000/6404 candidate sequences
[00:56:34]   scored 4504/6404 candidate sequences
[00:56:36]   scored 5000/6404 candidate sequences
[00:56:39]   scored 5504/6404 candidate sequences
[00:56:42]   scored 6000/6404 candidate sequences
[00:56:52]   scored 504/6404 candidate sequences
[00:56:53]   scored 1000/6404 candidate sequences
[00:56:55]   scored 1504/6404 candidate sequences
[00:56:56]   scored 2000/6404 candidate sequences
[00:56:57]   scored 2504/6404 candidate sequences
[00:56:59]   scored 3000/6404 candidate sequences
[00:57:00]   scored 3504/6404 candidate sequences
[00:57:02]   scored 4000/6404 candidate sequences
[00:57:04]   scored 4504/6404 candidate sequences
[00:57:06]   scored 5000/6404 candidate sequences
[00:57:08]   scored 5504/6404 candidate sequences
[00:57:11]   scored 6000/6404 candidate sequences
[00:57:22]   scored 504/6404 candidate sequences
[00:57:23]   scored 1000/6404 candidate sequences
[00:57:24]   scored 1504/6404 candidate sequences
[00:57:25]   scored 2000/6404 candidate sequences
[00:57:27]   scored 2504/6404 candidate sequences
[00:57:28]   scored 3000/6404 candidate sequences
[00:57:30]   scored 3504/6404 candidate sequences
[00:57:31]   scored 4000/6404 candidate sequences
[00:57:33]   scored 4504/6404 candidate sequences
[00:57:35]   scored 5000/6404 candidate sequences
[00:57:38]   scored 5504/6404 candidate sequences
[00:57:41]   scored 6000/6404 candidate sequences
[00:57:51]   scored 504/6404 candidate sequences
[00:57:53]   scored 1000/6404 candidate sequences
[00:57:54]   scored 1504/6404 candidate sequences
[00:57:55]   scored 2000/6404 candidate sequences
[00:57:57]   scored 2504/6404 candidate sequences
[00:57:58]   scored 3000/6404 candidate sequences
[00:57:59]   scored 3504/6404 candidate sequences
[00:58:01]   scored 4000/6404 candidate sequences
[00:58:03]   scored 4504/6404 candidate sequences
[00:58:05]   scored 5000/6404 candidate sequences
[00:58:08]   scored 5504/6404 candidate sequences
[00:58:11]   scored 6000/6404 candidate sequences
[00:58:21]   scored 504/6404 candidate sequences
[00:58:23]   scored 1000/6404 candidate sequences
[00:58:24]   scored 1504/6404 candidate sequences
[00:58:25]   scored 2000/6404 candidate sequences
[00:58:27]   scored 2504/6404 candidate sequences
[00:58:28]   scored 3000/6404 candidate sequences
[00:58:30]   scored 3504/6404 candidate sequences
[00:58:31]   scored 4000/6404 candidate sequences
[00:58:33]   scored 4504/6404 candidate sequences
[00:58:35]   scored 5000/6404 candidate sequences
[00:58:38]   scored 5504/6404 candidate sequences
[00:58:41]   scored 6000/6404 candidate sequences
[00:58:51]   scored 504/6404 candidate sequences
[00:58:52]   scored 1000/6404 candidate sequences
[00:58:54]   scored 1504/6404 candidate sequences
[00:58:55]   scored 2000/6404 candidate sequences
[00:58:56]   scored 2504/6404 candidate sequences
[00:58:58]   scored 3000/6404 candidate sequences
[00:58:59]   scored 3504/6404 candidate sequences
[00:59:01]   scored 4000/6404 candidate sequences
[00:59:03]   scored 4504/6404 candidate sequences
[00:59:05]   scored 5000/6404 candidate sequences
[00:59:07]   scored 5504/6404 candidate sequences
[00:59:10]   scored 6000/6404 candidate sequences
[00:59:21]   scored 504/6404 candidate sequences
[00:59:22]   scored 1000/6404 candidate sequences
[00:59:23]   scored 1504/6404 candidate sequences
[00:59:24]   scored 2000/6404 candidate sequences
[00:59:26]   scored 2504/6404 candidate sequences
[00:59:27]   scored 3000/6404 candidate sequences
[00:59:29]   scored 3504/6404 candidate sequences
[00:59:30]   scored 4000/6404 candidate sequences
[00:59:32]   scored 4504/6404 candidate sequences
[00:59:34]   scored 5000/6404 candidate sequences
[00:59:37]   scored 5504/6404 candidate sequences
[00:59:40]   scored 6000/6404 candidate sequences
[00:59:50]   scored 504/6404 candidate sequences
[00:59:52]   scored 1000/6404 candidate sequences
[00:59:53]   scored 1504/6404 candidate sequences
[00:59:54]   scored 2000/6404 candidate sequences
[00:59:56]   scored 2504/6404 candidate sequences
[00:59:57]   scored 3000/6404 candidate sequences
[00:59:58]   scored 3504/6404 candidate sequences
[01:00:00]   scored 4000/6404 candidate sequences
[01:00:02]   scored 4504/6404 candidate sequences
[01:00:04]   scored 5000/6404 candidate sequences
[01:00:07]   scored 5504/6404 candidate sequences
[01:00:10]   scored 6000/6404 candidate sequences
[01:00:20]   scored 504/6404 candidate sequences
[01:00:21]   scored 1000/6404 candidate sequences
[01:00:23]   scored 1504/6404 candidate sequences
[01:00:24]   scored 2000/6404 candidate sequences
[01:00:25]   scored 2504/6404 candidate sequences
[01:00:27]   scored 3000/6404 candidate sequences
[01:00:28]   scored 3504/6404 candidate sequences
[01:00:30]   scored 4000/6404 candidate sequences
[01:00:32]   scored 4504/6404 candidate sequences
[01:00:34]   scored 5000/6404 candidate sequences
[01:00:36]   scored 5504/6404 candidate sequences
[01:00:39]   scored 6000/6404 candidate sequences
[01:00:50]   scored 504/6404 candidate sequences
[01:00:51]   scored 1000/6404 candidate sequences
[01:00:52]   scored 1504/6404 candidate sequences
[01:00:54]   scored 2000/6404 candidate sequences
[01:00:55]   scored 2504/6404 candidate sequences
[01:00:56]   scored 3000/6404 candidate sequences
[01:00:58]   scored 3504/6404 candidate sequences
[01:01:00]   scored 4000/6404 candidate sequences
[01:01:02]   scored 4504/6404 candidate sequences
[01:01:04]   scored 5000/6404 candidate sequences
[01:01:06]   scored 5504/6404 candidate sequences
[01:01:09]   scored 6000/6404 candidate sequences
[01:01:20]   scored 504/6404 candidate sequences
[01:01:21]   scored 1000/6404 candidate sequences
[01:01:22]   scored 1504/6404 candidate sequences
[01:01:24]   scored 2000/6404 candidate sequences
[01:01:25]   scored 2504/6404 candidate sequences
[01:01:26]   scored 3000/6404 candidate sequences
[01:01:28]   scored 3504/6404 candidate sequences
[01:01:30]   scored 4000/6404 candidate sequences
[01:01:32]   scored 4504/6404 candidate sequences
[01:01:34]   scored 5000/6404 candidate sequences
[01:01:36]   scored 5504/6404 candidate sequences
[01:01:39]   scored 6000/6404 candidate sequences
[01:01:49]   scored 504/6404 candidate sequences
[01:01:50]   scored 1000/6404 candidate sequences
[01:01:52]   scored 1504/6404 candidate sequences
[01:01:53]   scored 2000/6404 candidate sequences
[01:01:54]   scored 2504/6404 candidate sequences
[01:01:56]   scored 3000/6404 candidate sequences
[01:01:57]   scored 3504/6404 candidate sequences
[01:01:59]   scored 4000/6404 candidate sequences
[01:02:01]   scored 4504/6404 candidate sequences
[01:02:03]   scored 5000/6404 candidate sequences
[01:02:05]   scored 5504/6404 candidate sequences
[01:02:09]   scored 6000/6404 candidate sequences
[01:02:19]   scored 504/6404 candidate sequences
[01:02:20]   scored 1000/6404 candidate sequences
[01:02:22]   scored 1504/6404 candidate sequences
[01:02:23]   scored 2000/6404 candidate sequences
[01:02:24]   scored 2504/6404 candidate sequences
[01:02:26]   scored 3000/6404 candidate sequences
[01:02:27]   scored 3504/6404 candidate sequences
[01:02:29]   scored 4000/6404 candidate sequences
[01:02:31]   scored 4504/6404 candidate sequences
[01:02:33]   scored 5000/6404 candidate sequences
[01:02:35]   scored 5504/6404 candidate sequences
[01:02:38]   scored 6000/6404 candidate sequences
[01:02:49]   scored 504/6404 candidate sequences
[01:02:50]   scored 1000/6404 candidate sequences
[01:02:51]   scored 1504/6404 candidate sequences
[01:02:53]   scored 2000/6404 candidate sequences
[01:02:54]   scored 2504/6404 candidate sequences
[01:02:55]   scored 3000/6404 candidate sequences
[01:02:57]   scored 3504/6404 candidate sequences
[01:02:59]   scored 4000/6404 candidate sequences
[01:03:01]   scored 4504/6404 candidate sequences
[01:03:03]   scored 5000/6404 candidate sequences
[01:03:05]   scored 5504/6404 candidate sequences
[01:03:08]   scored 6000/6404 candidate sequences
[01:03:19]   scored 504/6404 candidate sequences
[01:03:20]   scored 1000/6404 candidate sequences
[01:03:21]   scored 1504/6404 candidate sequences
[01:03:23]   scored 2000/6404 candidate sequences
[01:03:24]   scored 2504/6404 candidate sequences
[01:03:25]   scored 3000/6404 candidate sequences
[01:03:27]   scored 3504/6404 candidate sequences
[01:03:29]   scored 4000/6404 candidate sequences
[01:03:30]   scored 4504/6404 candidate sequences
[01:03:32]   scored 5000/6404 candidate sequences
[01:03:35]   scored 5504/6404 candidate sequences
[01:03:38]   scored 6000/6404 candidate sequences
[01:03:48]   scored 504/6404 candidate sequences
[01:03:49]   scored 1000/6404 candidate sequences
[01:03:50]   scored 1504/6404 candidate sequences
[01:03:52]   scored 2000/6404 candidate sequences
[01:03:53]   scored 2504/6404 candidate sequences
[01:03:55]   scored 3000/6404 candidate sequences
[01:03:56]   scored 3504/6404 candidate sequences
[01:03:58]   scored 4000/6404 candidate sequences
[01:04:00]   scored 4504/6404 candidate sequences
[01:04:02]   scored 5000/6404 candidate sequences
[01:04:04]   scored 5504/6404 candidate sequences
[01:04:07]   scored 6000/6404 candidate sequences
[01:04:18]   scored 504/6404 candidate sequences
[01:04:19]   scored 1000/6404 candidate sequences
[01:04:20]   scored 1504/6404 candidate sequences
[01:04:22]   scored 2000/6404 candidate sequences
[01:04:23]   scored 2504/6404 candidate sequences
[01:04:24]   scored 3000/6404 candidate sequences
[01:04:26]   scored 3504/6404 candidate sequences
[01:04:28]   scored 4000/6404 candidate sequences
[01:04:29]   scored 4504/6404 candidate sequences
[01:04:31]   scored 5000/6404 candidate sequences
[01:04:34]   scored 5504/6404 candidate sequences
[01:04:37]   scored 6000/6404 candidate sequences
[01:04:48]   scored 504/6404 candidate sequences
[01:04:49]   scored 1000/6404 candidate sequences
[01:04:50]   scored 1504/6404 candidate sequences
[01:04:51]   scored 2000/6404 candidate sequences
[01:04:53]   scored 2504/6404 candidate sequences
[01:04:54]   scored 3000/6404 candidate sequences
[01:04:56]   scored 3504/6404 candidate sequences
[01:04:57]   scored 4000/6404 candidate sequences
[01:04:59]   scored 4504/6404 candidate sequences
[01:05:01]   scored 5000/6404 candidate sequences
[01:05:04]   scored 5504/6404 candidate sequences
[01:05:07]   scored 6000/6404 candidate sequences
[01:05:18]   scored 504/6404 candidate sequences
[01:05:19]   scored 1000/6404 candidate sequences
[01:05:20]   scored 1504/6404 candidate sequences
[01:05:21]   scored 2000/6404 candidate sequences
[01:05:23]   scored 2504/6404 candidate sequences
[01:05:24]   scored 3000/6404 candidate sequences
[01:05:26]   scored 3504/6404 candidate sequences
[01:05:27]   scored 4000/6404 candidate sequences
[01:05:29]   scored 4504/6404 candidate sequences
[01:05:31]   scored 5000/6404 candidate sequences
[01:05:34]   scored 5504/6404 candidate sequences
[01:05:37]   scored 6000/6404 candidate sequences
[01:05:47]   scored 504/6404 candidate sequences
[01:05:48]   scored 1000/6404 candidate sequences
[01:05:49]   scored 1504/6404 candidate sequences
[01:05:51]   scored 2000/6404 candidate sequences
[01:05:52]   scored 2504/6404 candidate sequences
[01:05:53]   scored 3000/6404 candidate sequences
[01:05:55]   scored 3504/6404 candidate sequences
[01:05:57]   scored 4000/6404 candidate sequences
[01:05:59]   scored 4504/6404 candidate sequences
[01:06:00]   scored 5000/6404 candidate sequences
[01:06:03]   scored 5504/6404 candidate sequences
[01:06:06]   scored 6000/6404 candidate sequences
[01:06:17]   scored 504/6404 candidate sequences
[01:06:18]   scored 1000/6404 candidate sequences
[01:06:19]   scored 1504/6404 candidate sequences
[01:06:20]   scored 2000/6404 candidate sequences
[01:06:22]   scored 2504/6404 candidate sequences
[01:06:23]   scored 3000/6404 candidate sequences
[01:06:25]   scored 3504/6404 candidate sequences
[01:06:26]   scored 4000/6404 candidate sequences
[01:06:28]   scored 4504/6404 candidate sequences
[01:06:30]   scored 5000/6404 candidate sequences
[01:06:33]   scored 5504/6404 candidate sequences
[01:06:36]   scored 6000/6404 candidate sequences
[01:06:46]   scored 504/6404 candidate sequences
[01:06:47]   scored 1000/6404 candidate sequences
[01:06:49]   scored 1504/6404 candidate sequences
[01:06:50]   scored 2000/6404 candidate sequences
[01:06:51]   scored 2504/6404 candidate sequences
[01:06:53]   scored 3000/6404 candidate sequences
[01:06:54]   scored 3504/6404 candidate sequences
[01:06:56]   scored 4000/6404 candidate sequences
[01:06:58]   scored 4504/6404 candidate sequences
[01:07:00]   scored 5000/6404 candidate sequences
[01:07:02]   scored 5504/6404 candidate sequences
[01:07:06]   scored 6000/6404 candidate sequences
[01:07:16]   scored 504/6404 candidate sequences
[01:07:17]   scored 1000/6404 candidate sequences
[01:07:19]   scored 1504/6404 candidate sequences
[01:07:20]   scored 2000/6404 candidate sequences
[01:07:21]   scored 2504/6404 candidate sequences
[01:07:23]   scored 3000/6404 candidate sequences
[01:07:24]   scored 3504/6404 candidate sequences
[01:07:26]   scored 4000/6404 candidate sequences
[01:07:28]   scored 4504/6404 candidate sequences
[01:07:30]   scored 5000/6404 candidate sequences
[01:07:32]   scored 5504/6404 candidate sequences
[01:07:35]   scored 6000/6404 candidate sequences
[01:07:46]   scored 504/6404 candidate sequences
[01:07:47]   scored 1000/6404 candidate sequences
[01:07:48]   scored 1504/6404 candidate sequences
[01:07:49]   scored 2000/6404 candidate sequences
[01:07:51]   scored 2504/6404 candidate sequences
[01:07:52]   scored 3000/6404 candidate sequences
[01:07:54]   scored 3504/6404 candidate sequences
[01:07:55]   scored 4000/6404 candidate sequences
[01:07:57]   scored 4504/6404 candidate sequences
[01:07:59]   scored 5000/6404 candidate sequences
[01:08:02]   scored 5504/6404 candidate sequences
[01:08:05]   scored 6000/6404 candidate sequences
[01:08:15]   scored 504/6404 candidate sequences
[01:08:16]   scored 1000/6404 candidate sequences
[01:08:18]   scored 1504/6404 candidate sequences
[01:08:19]   scored 2000/6404 candidate sequences
[01:08:20]   scored 2504/6404 candidate sequences
[01:08:22]   scored 3000/6404 candidate sequences
[01:08:23]   scored 3504/6404 candidate sequences
[01:08:25]   scored 4000/6404 candidate sequences
[01:08:27]   scored 4504/6404 candidate sequences
[01:08:29]   scored 5000/6404 candidate sequences
[01:08:31]   scored 5504/6404 candidate sequences
[01:08:34]   scored 6000/6404 candidate sequences
[01:08:45]   scored 504/6404 candidate sequences
[01:08:46]   scored 1000/6404 candidate sequences
[01:08:48]   scored 1504/6404 candidate sequences
[01:08:49]   scored 2000/6404 candidate sequences
[01:08:50]   scored 2504/6404 candidate sequences
[01:08:52]   scored 3000/6404 candidate sequences
[01:08:53]   scored 3504/6404 candidate sequences
[01:08:55]   scored 4000/6404 candidate sequences
[01:08:57]   scored 4504/6404 candidate sequences
[01:08:59]   scored 5000/6404 candidate sequences
[01:09:01]   scored 5504/6404 candidate sequences
[01:09:04]   scored 6000/6404 candidate sequences
[01:09:15]   scored 504/6404 candidate sequences
[01:09:16]   scored 1000/6404 candidate sequences
[01:09:17]   scored 1504/6404 candidate sequences
[01:09:19]   scored 2000/6404 candidate sequences
[01:09:20]   scored 2504/6404 candidate sequences
[01:09:21]   scored 3000/6404 candidate sequences
[01:09:23]   scored 3504/6404 candidate sequences
[01:09:24]   scored 4000/6404 candidate sequences
[01:09:26]   scored 4504/6404 candidate sequences
[01:09:28]   scored 5000/6404 candidate sequences
[01:09:31]   scored 5504/6404 candidate sequences
[01:09:34]   scored 6000/6404 candidate sequences
[01:09:44]   scored 504/6404 candidate sequences
[01:09:45]   scored 1000/6404 candidate sequences
[01:09:47]   scored 1504/6404 candidate sequences
[01:09:48]   scored 2000/6404 candidate sequences
[01:09:49]   scored 2504/6404 candidate sequences
[01:09:51]   scored 3000/6404 candidate sequences
[01:09:52]   scored 3504/6404 candidate sequences
[01:09:54]   scored 4000/6404 candidate sequences
[01:09:56]   scored 4504/6404 candidate sequences
[01:09:58]   scored 5000/6404 candidate sequences
[01:10:00]   scored 5504/6404 candidate sequences
[01:10:03]   scored 6000/6404 candidate sequences
[01:10:14]   scored 504/6404 candidate sequences
[01:10:15]   scored 1000/6404 candidate sequences
[01:10:16]   scored 1504/6404 candidate sequences
[01:10:18]   scored 2000/6404 candidate sequences
[01:10:19]   scored 2504/6404 candidate sequences
[01:10:20]   scored 3000/6404 candidate sequences
[01:10:22]   scored 3504/6404 candidate sequences
[01:10:24]   scored 4000/6404 candidate sequences
[01:10:26]   scored 4504/6404 candidate sequences
[01:10:27]   scored 5000/6404 candidate sequences
[01:10:30]   scored 5504/6404 candidate sequences
[01:10:33]   scored 6000/6404 candidate sequences
[01:10:44]   scored 504/6404 candidate sequences
[01:10:45]   scored 1000/6404 candidate sequences
[01:10:46]   scored 1504/6404 candidate sequences
[01:10:48]   scored 2000/6404 candidate sequences
[01:10:49]   scored 2504/6404 candidate sequences
[01:10:50]   scored 3000/6404 candidate sequences
[01:10:52]   scored 3504/6404 candidate sequences
[01:10:53]   scored 4000/6404 candidate sequences
[01:10:55]   scored 4504/6404 candidate sequences
[01:10:57]   scored 5000/6404 candidate sequences
[01:11:00]   scored 5504/6404 candidate sequences
[01:11:03]   scored 6000/6404 candidate sequences
[01:11:13]   scored 504/6404 candidate sequences
[01:11:15]   scored 1000/6404 candidate sequences
[01:11:16]   scored 1504/6404 candidate sequences
[01:11:17]   scored 2000/6404 candidate sequences
[01:11:19]   scored 2504/6404 candidate sequences
[01:11:20]   scored 3000/6404 candidate sequences
[01:11:21]   scored 3504/6404 candidate sequences
[01:11:23]   scored 4000/6404 candidate sequences
[01:11:25]   scored 4504/6404 candidate sequences
[01:11:27]   scored 5000/6404 candidate sequences
[01:11:30]   scored 5504/6404 candidate sequences
[01:11:33]   scored 6000/6404 candidate sequences
[01:11:43]   scored 504/6404 candidate sequences
[01:11:44]   scored 1000/6404 candidate sequences
[01:11:46]   scored 1504/6404 candidate sequences
[01:11:47]   scored 2000/6404 candidate sequences
[01:11:49]   scored 2504/6404 candidate sequences
[01:11:50]   scored 3000/6404 candidate sequences
[01:11:51]   scored 3504/6404 candidate sequences
[01:11:53]   scored 4000/6404 candidate sequences
[01:11:55]   scored 4504/6404 candidate sequences
[01:11:57]   scored 5000/6404 candidate sequences
[01:12:00]   scored 5504/6404 candidate sequences
[01:12:03]   scored 6000/6404 candidate sequences
[01:12:13]   scored 504/6404 candidate sequences
[01:12:14]   scored 1000/6404 candidate sequences
[01:12:15]   scored 1504/6404 candidate sequences
[01:12:17]   scored 2000/6404 candidate sequences
[01:12:18]   scored 2504/6404 candidate sequences
[01:12:19]   scored 3000/6404 candidate sequences
[01:12:21]   scored 3504/6404 candidate sequences
[01:12:23]   scored 4000/6404 candidate sequences
[01:12:24]   scored 4504/6404 candidate sequences
[01:12:26]   scored 5000/6404 candidate sequences
[01:12:29]   scored 5504/6404 candidate sequences
[01:12:32]   scored 6000/6404 candidate sequences
[01:12:43]   scored 504/6404 candidate sequences
[01:12:44]   scored 1000/6404 candidate sequences
[01:12:45]   scored 1504/6404 candidate sequences
[01:12:46]   scored 2000/6404 candidate sequences
[01:12:48]   scored 2504/6404 candidate sequences
[01:12:49]   scored 3000/6404 candidate sequences
[01:12:51]   scored 3504/6404 candidate sequences
[01:12:52]   scored 4000/6404 candidate sequences
[01:12:54]   scored 4504/6404 candidate sequences
[01:12:56]   scored 5000/6404 candidate sequences
[01:12:59]   scored 5504/6404 candidate sequences
[01:13:02]   scored 6000/6404 candidate sequences
[01:13:12]   scored 504/6404 candidate sequences
[01:13:14]   scored 1000/6404 candidate sequences
[01:13:15]   scored 1504/6404 candidate sequences
[01:13:16]   scored 2000/6404 candidate sequences
[01:13:17]   scored 2504/6404 candidate sequences
[01:13:19]   scored 3000/6404 candidate sequences
[01:13:20]   scored 3504/6404 candidate sequences
[01:13:22]   scored 4000/6404 candidate sequences
[01:13:24]   scored 4504/6404 candidate sequences
[01:13:26]   scored 5000/6404 candidate sequences
[01:13:28]   scored 5504/6404 candidate sequences
[01:13:32]   scored 6000/6404 candidate sequences
[01:13:42]   scored 504/6404 candidate sequences
[01:13:43]   scored 1000/6404 candidate sequences
[01:13:45]   scored 1504/6404 candidate sequences
[01:13:46]   scored 2000/6404 candidate sequences
[01:13:47]   scored 2504/6404 candidate sequences
[01:13:49]   scored 3000/6404 candidate sequences
[01:13:50]   scored 3504/6404 candidate sequences
[01:13:52]   scored 4000/6404 candidate sequences
[01:13:54]   scored 4504/6404 candidate sequences
[01:13:56]   scored 5000/6404 candidate sequences
[01:13:58]   scored 5504/6404 candidate sequences
[01:14:01]   scored 6000/6404 candidate sequences
[01:14:12]   scored 504/6404 candidate sequences
[01:14:13]   scored 1000/6404 candidate sequences
[01:14:14]   scored 1504/6404 candidate sequences
[01:14:15]   scored 2000/6404 candidate sequences
[01:14:17]   scored 2504/6404 candidate sequences
[01:14:18]   scored 3000/6404 candidate sequences
[01:14:20]   scored 3504/6404 candidate sequences
[01:14:21]   scored 4000/6404 candidate sequences
[01:14:23]   scored 4504/6404 candidate sequences
[01:14:25]   scored 5000/6404 candidate sequences
[01:14:28]   scored 5504/6404 candidate sequences
[01:14:31]   scored 6000/6404 candidate sequences
[01:14:41]   scored 504/6404 candidate sequences
[01:14:43]   scored 1000/6404 candidate sequences
[01:14:44]   scored 1504/6404 candidate sequences
[01:14:45]   scored 2000/6404 candidate sequences
[01:14:47]   scored 2504/6404 candidate sequences
[01:14:48]   scored 3000/6404 candidate sequences
[01:14:49]   scored 3504/6404 candidate sequences
[01:14:51]   scored 4000/6404 candidate sequences
[01:14:53]   scored 4504/6404 candidate sequences
[01:14:55]   scored 5000/6404 candidate sequences
[01:14:58]   scored 5504/6404 candidate sequences
[01:15:01]   scored 6000/6404 candidate sequences
[01:15:11]   scored 504/6404 candidate sequences
[01:15:12]   scored 1000/6404 candidate sequences
[01:15:14]   scored 1504/6404 candidate sequences
[01:15:15]   scored 2000/6404 candidate sequences
[01:15:16]   scored 2504/6404 candidate sequences
[01:15:18]   scored 3000/6404 candidate sequences
[01:15:19]   scored 3504/6404 candidate sequences
[01:15:21]   scored 4000/6404 candidate sequences
[01:15:23]   scored 4504/6404 candidate sequences
[01:15:25]   scored 5000/6404 candidate sequences
[01:15:27]   scored 5504/6404 candidate sequences
[01:15:30]   scored 6000/6404 candidate sequences
[01:15:41]   scored 504/6404 candidate sequences
[01:15:42]   scored 1000/6404 candidate sequences
[01:15:44]   scored 1504/6404 candidate sequences
[01:15:45]   scored 2000/6404 candidate sequences
[01:15:46]   scored 2504/6404 candidate sequences
[01:15:48]   scored 3000/6404 candidate sequences
[01:15:49]   scored 3504/6404 candidate sequences
[01:15:51]   scored 4000/6404 candidate sequences
[01:15:53]   scored 4504/6404 candidate sequences
[01:15:55]   scored 5000/6404 candidate sequences
[01:15:57]   scored 5504/6404 candidate sequences
[01:16:00]   scored 6000/6404 candidate sequences
[01:16:11]   scored 504/6404 candidate sequences
[01:16:12]   scored 1000/6404 candidate sequences
[01:16:13]   scored 1504/6404 candidate sequences
[01:16:14]   scored 2000/6404 candidate sequences
[01:16:16]   scored 2504/6404 candidate sequences
[01:16:17]   scored 3000/6404 candidate sequences
[01:16:19]   scored 3504/6404 candidate sequences
[01:16:20]   scored 4000/6404 candidate sequences
[01:16:22]   scored 4504/6404 candidate sequences
[01:16:24]   scored 5000/6404 candidate sequences
[01:16:27]   scored 5504/6404 candidate sequences
[01:16:30]   scored 6000/6404 candidate sequences
[01:16:40]   scored 504/6404 candidate sequences
[01:16:42]   scored 1000/6404 candidate sequences
[01:16:43]   scored 1504/6404 candidate sequences
[01:16:44]   scored 2000/6404 candidate sequences
[01:16:46]   scored 2504/6404 candidate sequences
[01:16:47]   scored 3000/6404 candidate sequences
[01:16:48]   scored 3504/6404 candidate sequences
[01:16:50]   scored 4000/6404 candidate sequences
[01:16:52]   scored 4504/6404 candidate sequences
[01:16:54]   scored 5000/6404 candidate sequences
[01:16:57]   scored 5504/6404 candidate sequences
[01:17:00]   scored 6000/6404 candidate sequences
[01:17:10]   scored 504/6404 candidate sequences
[01:17:11]   scored 1000/6404 candidate sequences
[01:17:13]   scored 1504/6404 candidate sequences
[01:17:14]   scored 2000/6404 candidate sequences
[01:17:15]   scored 2504/6404 candidate sequences
[01:17:17]   scored 3000/6404 candidate sequences
[01:17:18]   scored 3504/6404 candidate sequences
[01:17:20]   scored 4000/6404 candidate sequences
[01:17:22]   scored 4504/6404 candidate sequences
[01:17:24]   scored 5000/6404 candidate sequences
[01:17:26]   scored 5504/6404 candidate sequences
[01:17:29]   scored 6000/6404 candidate sequences
[01:17:40]   scored 504/6404 candidate sequences
[01:17:41]   scored 1000/6404 candidate sequences
[01:17:42]   scored 1504/6404 candidate sequences
[01:17:44]   scored 2000/6404 candidate sequences
[01:17:45]   scored 2504/6404 candidate sequences
[01:17:46]   scored 3000/6404 candidate sequences
[01:17:48]   scored 3504/6404 candidate sequences
[01:17:50]   scored 4000/6404 candidate sequences
[01:17:52]   scored 4504/6404 candidate sequences
[01:17:54]   scored 5000/6404 candidate sequences
[01:17:56]   scored 5504/6404 candidate sequences
[01:17:59]   scored 6000/6404 candidate sequences
[01:18:09]   scored 504/6404 candidate sequences
[01:18:10]   scored 1000/6404 candidate sequences
[01:18:12]   scored 1504/6404 candidate sequences
[01:18:13]   scored 2000/6404 candidate sequences
[01:18:14]   scored 2504/6404 candidate sequences
[01:18:16]   scored 3000/6404 candidate sequences
[01:18:17]   scored 3504/6404 candidate sequences
[01:18:19]   scored 4000/6404 candidate sequences
[01:18:21]   scored 4504/6404 candidate sequences
[01:18:23]   scored 5000/6404 candidate sequences
[01:18:25]   scored 5504/6404 candidate sequences
[01:18:28]   scored 6000/6404 candidate sequences
[01:18:39]   scored 504/6404 candidate sequences
[01:18:40]   scored 1000/6404 candidate sequences
[01:18:42]   scored 1504/6404 candidate sequences
[01:18:43]   scored 2000/6404 candidate sequences
[01:18:44]   scored 2504/6404 candidate sequences
[01:18:46]   scored 3000/6404 candidate sequences
[01:18:47]   scored 3504/6404 candidate sequences
[01:18:49]   scored 4000/6404 candidate sequences
[01:18:51]   scored 4504/6404 candidate sequences
[01:18:53]   scored 5000/6404 candidate sequences
[01:18:55]   scored 5504/6404 candidate sequences
[01:18:58]   scored 6000/6404 candidate sequences
[01:19:09]   scored 504/6404 candidate sequences
[01:19:10]   scored 1000/6404 candidate sequences
[01:19:12]   scored 1504/6404 candidate sequences
[01:19:13]   scored 2000/6404 candidate sequences
[01:19:14]   scored 2504/6404 candidate sequences
[01:19:16]   scored 3000/6404 candidate sequences
[01:19:17]   scored 3504/6404 candidate sequences
[01:19:19]   scored 4000/6404 candidate sequences
[01:19:21]   scored 4504/6404 candidate sequences
[01:19:23]   scored 5000/6404 candidate sequences
[01:19:25]   scored 5504/6404 candidate sequences
[01:19:28]   scored 6000/6404 candidate sequences
[01:19:39]   scored 504/6404 candidate sequences
[01:19:40]   scored 1000/6404 candidate sequences
[01:19:41]   scored 1504/6404 candidate sequences
[01:19:43]   scored 2000/6404 candidate sequences
[01:19:44]   scored 2504/6404 candidate sequences
[01:19:45]   scored 3000/6404 candidate sequences
[01:19:47]   scored 3504/6404 candidate sequences
[01:19:49]   scored 4000/6404 candidate sequences
[01:19:50]   scored 4504/6404 candidate sequences
[01:19:52]   scored 5000/6404 candidate sequences
[01:19:55]   scored 5504/6404 candidate sequences
[01:19:58]   scored 6000/6404 candidate sequences
[01:20:08]   scored 504/6404 candidate sequences
[01:20:10]   scored 1000/6404 candidate sequences
[01:20:11]   scored 1504/6404 candidate sequences
[01:20:12]   scored 2000/6404 candidate sequences
[01:20:14]   scored 2504/6404 candidate sequences
[01:20:15]   scored 3000/6404 candidate sequences
[01:20:17]   scored 3504/6404 candidate sequences
[01:20:18]   scored 4000/6404 candidate sequences
[01:20:20]   scored 4504/6404 candidate sequences
[01:20:22]   scored 5000/6404 candidate sequences
[01:20:25]   scored 5504/6404 candidate sequences
[01:20:28]   scored 6000/6404 candidate sequences
[01:20:38]   scored 504/6404 candidate sequences
[01:20:39]   scored 1000/6404 candidate sequences
[01:20:41]   scored 1504/6404 candidate sequences
[01:20:42]   scored 2000/6404 candidate sequences
[01:20:43]   scored 2504/6404 candidate sequences
[01:20:45]   scored 3000/6404 candidate sequences
[01:20:46]   scored 3504/6404 candidate sequences
[01:20:48]   scored 4000/6404 candidate sequences
[01:20:50]   scored 4504/6404 candidate sequences
[01:20:52]   scored 5000/6404 candidate sequences
[01:20:54]   scored 5504/6404 candidate sequences
[01:20:57]   scored 6000/6404 candidate sequences
[01:21:08]   scored 504/6404 candidate sequences
[01:21:09]   scored 1000/6404 candidate sequences
[01:21:10]   scored 1504/6404 candidate sequences
[01:21:12]   scored 2000/6404 candidate sequences
[01:21:13]   scored 2504/6404 candidate sequences
[01:21:15]   scored 3000/6404 candidate sequences
[01:21:16]   scored 3504/6404 candidate sequences
[01:21:18]   scored 4000/6404 candidate sequences
[01:21:20]   scored 4504/6404 candidate sequences
[01:21:22]   scored 5000/6404 candidate sequences
[01:21:24]   scored 5504/6404 candidate sequences
[01:21:27]   scored 6000/6404 candidate sequences
[01:21:38]   scored 504/6404 candidate sequences
[01:21:39]   scored 1000/6404 candidate sequences
[01:21:40]   scored 1504/6404 candidate sequences
[01:21:42]   scored 2000/6404 candidate sequences
[01:21:43]   scored 2504/6404 candidate sequences
[01:21:44]   scored 3000/6404 candidate sequences
[01:21:46]   scored 3504/6404 candidate sequences
[01:21:48]   scored 4000/6404 candidate sequences
[01:21:49]   scored 4504/6404 candidate sequences
[01:21:51]   scored 5000/6404 candidate sequences
[01:21:54]   scored 5504/6404 candidate sequences
[01:21:57]   scored 6000/6404 candidate sequences
[01:22:08]   scored 504/6404 candidate sequences
[01:22:09]   scored 1000/6404 candidate sequences
[01:22:10]   scored 1504/6404 candidate sequences
[01:22:12]   scored 2000/6404 candidate sequences
[01:22:13]   scored 2504/6404 candidate sequences
[01:22:14]   scored 3000/6404 candidate sequences
[01:22:16]   scored 3504/6404 candidate sequences
[01:22:18]   scored 4000/6404 candidate sequences
[01:22:19]   scored 4504/6404 candidate sequences
[01:22:21]   scored 5000/6404 candidate sequences
[01:22:24]   scored 5504/6404 candidate sequences
[01:22:27]   scored 6000/6404 candidate sequences
[01:22:37]   scored 504/6404 candidate sequences
[01:22:38]   scored 1000/6404 candidate sequences
[01:22:39]   scored 1504/6404 candidate sequences
[01:22:41]   scored 2000/6404 candidate sequences
[01:22:42]   scored 2504/6404 candidate sequences
[01:22:43]   scored 3000/6404 candidate sequences
[01:22:45]   scored 3504/6404 candidate sequences
[01:22:47]   scored 4000/6404 candidate sequences
[01:22:49]   scored 4504/6404 candidate sequences
[01:22:50]   scored 5000/6404 candidate sequences
[01:22:53]   scored 5504/6404 candidate sequences
[01:22:56]   scored 6000/6404 candidate sequences
[01:23:07]   scored 504/6404 candidate sequences
[01:23:08]   scored 1000/6404 candidate sequences
[01:23:09]   scored 1504/6404 candidate sequences
[01:23:11]   scored 2000/6404 candidate sequences
[01:23:12]   scored 2504/6404 candidate sequences
[01:23:13]   scored 3000/6404 candidate sequences
[01:23:15]   scored 3504/6404 candidate sequences
[01:23:16]   scored 4000/6404 candidate sequences
[01:23:18]   scored 4504/6404 candidate sequences
[01:23:20]   scored 5000/6404 candidate sequences
[01:23:23]   scored 5504/6404 candidate sequences
[01:23:26]   scored 6000/6404 candidate sequences
[01:23:36]   scored 504/6404 candidate sequences
[01:23:38]   scored 1000/6404 candidate sequences
[01:23:39]   scored 1504/6404 candidate sequences
[01:23:40]   scored 2000/6404 candidate sequences
[01:23:42]   scored 2504/6404 candidate sequences
[01:23:43]   scored 3000/6404 candidate sequences
[01:23:44]   scored 3504/6404 candidate sequences
[01:23:46]   scored 4000/6404 candidate sequences
[01:23:48]   scored 4504/6404 candidate sequences
[01:23:50]   scored 5000/6404 candidate sequences
[01:23:53]   scored 5504/6404 candidate sequences
[01:23:56]   scored 6000/6404 candidate sequences
[01:24:06]   scored 504/6404 candidate sequences
[01:24:07]   scored 1000/6404 candidate sequences
[01:24:09]   scored 1504/6404 candidate sequences
[01:24:10]   scored 2000/6404 candidate sequences
[01:24:11]   scored 2504/6404 candidate sequences
[01:24:13]   scored 3000/6404 candidate sequences
[01:24:14]   scored 3504/6404 candidate sequences
[01:24:16]   scored 4000/6404 candidate sequences
[01:24:18]   scored 4504/6404 candidate sequences
[01:24:20]   scored 5000/6404 candidate sequences
[01:24:22]   scored 5504/6404 candidate sequences
[01:24:25]   scored 6000/6404 candidate sequences
[01:24:36]   scored 504/6404 candidate sequences
[01:24:37]   scored 1000/6404 candidate sequences
[01:24:38]   scored 1504/6404 candidate sequences
[01:24:39]   scored 2000/6404 candidate sequences
[01:24:41]   scored 2504/6404 candidate sequences
[01:24:42]   scored 3000/6404 candidate sequences
[01:24:44]   scored 3504/6404 candidate sequences
[01:24:45]   scored 4000/6404 candidate sequences
[01:24:47]   scored 4504/6404 candidate sequences
[01:24:49]   scored 5000/6404 candidate sequences
[01:24:52]   scored 5504/6404 candidate sequences
[01:24:55]   scored 6000/6404 candidate sequences
[01:25:05]   scored 504/6404 candidate sequences
[01:25:07]   scored 1000/6404 candidate sequences
[01:25:08]   scored 1504/6404 candidate sequences
[01:25:09]   scored 2000/6404 candidate sequences
[01:25:11]   scored 2504/6404 candidate sequences
[01:25:12]   scored 3000/6404 candidate sequences
[01:25:13]   scored 3504/6404 candidate sequences
[01:25:15]   scored 4000/6404 candidate sequences
[01:25:17]   scored 4504/6404 candidate sequences
[01:25:19]   scored 5000/6404 candidate sequences
[01:25:22]   scored 5504/6404 candidate sequences
[01:25:25]   scored 6000/6404 candidate sequences
[01:25:35]   scored 504/6404 candidate sequences
[01:25:36]   scored 1000/6404 candidate sequences
[01:25:38]   scored 1504/6404 candidate sequences
[01:25:39]   scored 2000/6404 candidate sequences
[01:25:40]   scored 2504/6404 candidate sequences
[01:25:42]   scored 3000/6404 candidate sequences
[01:25:43]   scored 3504/6404 candidate sequences
[01:25:45]   scored 4000/6404 candidate sequences
[01:25:47]   scored 4504/6404 candidate sequences
[01:25:49]   scored 5000/6404 candidate sequences
[01:25:51]   scored 5504/6404 candidate sequences
[01:25:54]   scored 6000/6404 candidate sequences
[01:26:05]   scored 504/6404 candidate sequences
[01:26:06]   scored 1000/6404 candidate sequences
[01:26:08]   scored 1504/6404 candidate sequences
[01:26:09]   scored 2000/6404 candidate sequences
[01:26:10]   scored 2504/6404 candidate sequences
[01:26:12]   scored 3000/6404 candidate sequences
[01:26:13]   scored 3504/6404 candidate sequences
[01:26:15]   scored 4000/6404 candidate sequences
[01:26:17]   scored 4504/6404 candidate sequences
[01:26:19]   scored 5000/6404 candidate sequences
[01:26:21]   scored 5504/6404 candidate sequences
[01:26:24]   scored 6000/6404 candidate sequences
[01:26:35]   scored 504/6404 candidate sequences
[01:26:36]   scored 1000/6404 candidate sequences
[01:26:37]   scored 1504/6404 candidate sequences
[01:26:38]   scored 2000/6404 candidate sequences
[01:26:40]   scored 2504/6404 candidate sequences
[01:26:41]   scored 3000/6404 candidate sequences
[01:26:43]   scored 3504/6404 candidate sequences
[01:26:44]   scored 4000/6404 candidate sequences
[01:26:46]   scored 4504/6404 candidate sequences
[01:26:48]   scored 5000/6404 candidate sequences
[01:26:51]   scored 5504/6404 candidate sequences
[01:26:54]   scored 6000/6404 candidate sequences
[01:27:04]   scored 504/6404 candidate sequences
[01:27:05]   scored 1000/6404 candidate sequences
[01:27:07]   scored 1504/6404 candidate sequences
[01:27:08]   scored 2000/6404 candidate sequences
[01:27:09]   scored 2504/6404 candidate sequences
[01:27:11]   scored 3000/6404 candidate sequences
[01:27:12]   scored 3504/6404 candidate sequences
[01:27:14]   scored 4000/6404 candidate sequences
[01:27:16]   scored 4504/6404 candidate sequences
[01:27:18]   scored 5000/6404 candidate sequences
[01:27:20]   scored 5504/6404 candidate sequences
[01:27:23]   scored 6000/6404 candidate sequences
[01:27:34]   scored 504/6404 candidate sequences
[01:27:35]   scored 1000/6404 candidate sequences
[01:27:36]   scored 1504/6404 candidate sequences
[01:27:38]   scored 2000/6404 candidate sequences
[01:27:39]   scored 2504/6404 candidate sequences
[01:27:41]   scored 3000/6404 candidate sequences
[01:27:42]   scored 3504/6404 candidate sequences
[01:27:44]   scored 4000/6404 candidate sequences
[01:27:46]   scored 4504/6404 candidate sequences
[01:27:48]   scored 5000/6404 candidate sequences
[01:27:50]   scored 5504/6404 candidate sequences
[01:27:53]   scored 6000/6404 candidate sequences
[01:28:04]   scored 504/6404 candidate sequences
[01:28:05]   scored 1000/6404 candidate sequences
[01:28:06]   scored 1504/6404 candidate sequences
[01:28:08]   scored 2000/6404 candidate sequences
[01:28:09]   scored 2504/6404 candidate sequences
[01:28:10]   scored 3000/6404 candidate sequences
[01:28:12]   scored 3504/6404 candidate sequences
[01:28:14]   scored 4000/6404 candidate sequences
[01:28:15]   scored 4504/6404 candidate sequences
[01:28:17]   scored 5000/6404 candidate sequences
[01:28:20]   scored 5504/6404 candidate sequences
[01:28:23]   scored 6000/6404 candidate sequences
[01:28:33]   scored 504/6404 candidate sequences
[01:28:34]   scored 1000/6404 candidate sequences
[01:28:36]   scored 1504/6404 candidate sequences
[01:28:37]   scored 2000/6404 candidate sequences
[01:28:38]   scored 2504/6404 candidate sequences
[01:28:40]   scored 3000/6404 candidate sequences
[01:28:41]   scored 3504/6404 candidate sequences
[01:28:43]   scored 4000/6404 candidate sequences
[01:28:45]   scored 4504/6404 candidate sequences
[01:28:47]   scored 5000/6404 candidate sequences
[01:28:49]   scored 5504/6404 candidate sequences
[01:28:52]   scored 6000/6404 candidate sequences
[01:29:03]   scored 504/6404 candidate sequences
[01:29:04]   scored 1000/6404 candidate sequences
[01:29:05]   scored 1504/6404 candidate sequences
[01:29:07]   scored 2000/6404 candidate sequences
[01:29:08]   scored 2504/6404 candidate sequences
[01:29:09]   scored 3000/6404 candidate sequences
[01:29:11]   scored 3504/6404 candidate sequences
[01:29:13]   scored 4000/6404 candidate sequences
[01:29:15]   scored 4504/6404 candidate sequences
[01:29:16]   scored 5000/6404 candidate sequences
[01:29:19]   scored 5504/6404 candidate sequences
[01:29:22]   scored 6000/6404 candidate sequences
[01:29:33]   scored 504/6404 candidate sequences
[01:29:34]   scored 1000/6404 candidate sequences
[01:29:35]   scored 1504/6404 candidate sequences
[01:29:37]   scored 2000/6404 candidate sequences
[01:29:38]   scored 2504/6404 candidate sequences
[01:29:39]   scored 3000/6404 candidate sequences
[01:29:41]   scored 3504/6404 candidate sequences
[01:29:43]   scored 4000/6404 candidate sequences
[01:29:44]   scored 4504/6404 candidate sequences
[01:29:46]   scored 5000/6404 candidate sequences
[01:29:49]   scored 5504/6404 candidate sequences
[01:29:52]   scored 6000/6404 candidate sequences
[01:30:03]   scored 504/6404 candidate sequences
[01:30:04]   scored 1000/6404 candidate sequences
[01:30:05]   scored 1504/6404 candidate sequences
[01:30:06]   scored 2000/6404 candidate sequences
[01:30:08]   scored 2504/6404 candidate sequences
[01:30:09]   scored 3000/6404 candidate sequences
[01:30:11]   scored 3504/6404 candidate sequences
[01:30:12]   scored 4000/6404 candidate sequences
[01:30:14]   scored 4504/6404 candidate sequences
[01:30:16]   scored 5000/6404 candidate sequences
[01:30:19]   scored 5504/6404 candidate sequences
[01:30:22]   scored 6000/6404 candidate sequences
[01:30:32]   scored 504/6404 candidate sequences
[01:30:33]   scored 1000/6404 candidate sequences
[01:30:34]   scored 1504/6404 candidate sequences
[01:30:36]   scored 2000/6404 candidate sequences
[01:30:37]   scored 2504/6404 candidate sequences
[01:30:38]   scored 3000/6404 candidate sequences
[01:30:40]   scored 3504/6404 candidate sequences
[01:30:42]   scored 4000/6404 candidate sequences
[01:30:44]   scored 4504/6404 candidate sequences
[01:30:46]   scored 5000/6404 candidate sequences
[01:30:48]   scored 5504/6404 candidate sequences
[01:30:51]   scored 6000/6404 candidate sequences
[01:31:02]   scored 504/6404 candidate sequences
[01:31:03]   scored 1000/6404 candidate sequences
[01:31:04]   scored 1504/6404 candidate sequences
[01:31:06]   scored 2000/6404 candidate sequences
[01:31:07]   scored 2504/6404 candidate sequences
[01:31:08]   scored 3000/6404 candidate sequences
[01:31:10]   scored 3504/6404 candidate sequences
[01:31:11]   scored 4000/6404 candidate sequences
[01:31:13]   scored 4504/6404 candidate sequences
[01:31:15]   scored 5000/6404 candidate sequences
[01:31:18]   scored 5504/6404 candidate sequences
[01:31:21]   scored 6000/6404 candidate sequences
[01:31:31]   scored 504/6404 candidate sequences
[01:31:33]   scored 1000/6404 candidate sequences
[01:31:34]   scored 1504/6404 candidate sequences
[01:31:35]   scored 2000/6404 candidate sequences
[01:31:37]   scored 2504/6404 candidate sequences
[01:31:38]   scored 3000/6404 candidate sequences
[01:31:39]   scored 3504/6404 candidate sequences
[01:31:41]   scored 4000/6404 candidate sequences
[01:31:43]   scored 4504/6404 candidate sequences
[01:31:45]   scored 5000/6404 candidate sequences
[01:31:48]   scored 5504/6404 candidate sequences
[01:31:51]   scored 6000/6404 candidate sequences
[01:32:01]   scored 504/6404 candidate sequences
[01:32:02]   scored 1000/6404 candidate sequences
[01:32:04]   scored 1504/6404 candidate sequences
[01:32:05]   scored 2000/6404 candidate sequences
[01:32:06]   scored 2504/6404 candidate sequences
[01:32:08]   scored 3000/6404 candidate sequences
[01:32:09]   scored 3504/6404 candidate sequences
[01:32:11]   scored 4000/6404 candidate sequences
[01:32:13]   scored 4504/6404 candidate sequences
[01:32:15]   scored 5000/6404 candidate sequences
[01:32:17]   scored 5504/6404 candidate sequences
[01:32:20]   scored 6000/6404 candidate sequences
[01:32:31]   scored 504/6404 candidate sequences
[01:32:32]   scored 1000/6404 candidate sequences
[01:32:33]   scored 1504/6404 candidate sequences
[01:32:35]   scored 2000/6404 candidate sequences
[01:32:36]   scored 2504/6404 candidate sequences
[01:32:38]   scored 3000/6404 candidate sequences
[01:32:39]   scored 3504/6404 candidate sequences
[01:32:41]   scored 4000/6404 candidate sequences
[01:32:43]   scored 4504/6404 candidate sequences
[01:32:45]   scored 5000/6404 candidate sequences
[01:32:47]   scored 5504/6404 candidate sequences
[01:32:50]   scored 6000/6404 candidate sequences
[01:33:01]   scored 504/6404 candidate sequences
[01:33:02]   scored 1000/6404 candidate sequences
[01:33:03]   scored 1504/6404 candidate sequences
[01:33:04]   scored 2000/6404 candidate sequences
[01:33:06]   scored 2504/6404 candidate sequences
[01:33:07]   scored 3000/6404 candidate sequences
[01:33:09]   scored 3504/6404 candidate sequences
[01:33:10]   scored 4000/6404 candidate sequences
[01:33:12]   scored 4504/6404 candidate sequences
[01:33:14]   scored 5000/6404 candidate sequences
[01:33:17]   scored 5504/6404 candidate sequences
[01:33:20]   scored 6000/6404 candidate sequences
[01:33:30]   scored 504/6404 candidate sequences
[01:33:32]   scored 1000/6404 candidate sequences
[01:33:33]   scored 1504/6404 candidate sequences
[01:33:34]   scored 2000/6404 candidate sequences
[01:33:36]   scored 2504/6404 candidate sequences
[01:33:37]   scored 3000/6404 candidate sequences
[01:33:38]   scored 3504/6404 candidate sequences
[01:33:40]   scored 4000/6404 candidate sequences
[01:33:42]   scored 4504/6404 candidate sequences
[01:33:44]   scored 5000/6404 candidate sequences
[01:33:47]   scored 5504/6404 candidate sequences
[01:33:50]   scored 6000/6404 candidate sequences
[01:34:00]   scored 504/6404 candidate sequences
[01:34:01]   scored 1000/6404 candidate sequences
[01:34:03]   scored 1504/6404 candidate sequences
[01:34:04]   scored 2000/6404 candidate sequences
[01:34:05]   scored 2504/6404 candidate sequences
[01:34:07]   scored 3000/6404 candidate sequences
[01:34:08]   scored 3504/6404 candidate sequences
[01:34:10]   scored 4000/6404 candidate sequences
[01:34:12]   scored 4504/6404 candidate sequences
[01:34:14]   scored 5000/6404 candidate sequences
[01:34:16]   scored 5504/6404 candidate sequences
[01:34:19]   scored 6000/6404 candidate sequences
[01:34:30]   scored 504/6404 candidate sequences
[01:34:31]   scored 1000/6404 candidate sequences
[01:34:32]   scored 1504/6404 candidate sequences
[01:34:34]   scored 2000/6404 candidate sequences
[01:34:35]   scored 2504/6404 candidate sequences
[01:34:36]   scored 3000/6404 candidate sequences
[01:34:38]   scored 3504/6404 candidate sequences
[01:34:40]   scored 4000/6404 candidate sequences
[01:34:42]   scored 4504/6404 candidate sequences
[01:34:43]   scored 5000/6404 candidate sequences
[01:34:46]   scored 5504/6404 candidate sequences
[01:34:49]   scored 6000/6404 candidate sequences
[01:34:59]   scored 504/6404 candidate sequences
[01:35:00]   scored 1000/6404 candidate sequences
[01:35:02]   scored 1504/6404 candidate sequences
[01:35:03]   scored 2000/6404 candidate sequences
[01:35:04]   scored 2504/6404 candidate sequences
[01:35:06]   scored 3000/6404 candidate sequences
[01:35:07]   scored 3504/6404 candidate sequences
[01:35:09]   scored 4000/6404 candidate sequences
[01:35:11]   scored 4504/6404 candidate sequences
[01:35:13]   scored 5000/6404 candidate sequences
[01:35:15]   scored 5504/6404 candidate sequences
[01:35:18]   scored 6000/6404 candidate sequences
[01:35:29]   scored 504/6404 candidate sequences
[01:35:30]   scored 1000/6404 candidate sequences
[01:35:32]   scored 1504/6404 candidate sequences
[01:35:33]   scored 2000/6404 candidate sequences
[01:35:34]   scored 2504/6404 candidate sequences
[01:35:36]   scored 3000/6404 candidate sequences
[01:35:37]   scored 3504/6404 candidate sequences
[01:35:39]   scored 4000/6404 candidate sequences
[01:35:41]   scored 4504/6404 candidate sequences
[01:35:43]   scored 5000/6404 candidate sequences
[01:35:45]   scored 5504/6404 candidate sequences
[01:35:48]   scored 6000/6404 candidate sequences
[01:35:59]   scored 504/6404 candidate sequences
[01:36:00]   scored 1000/6404 candidate sequences
[01:36:01]   scored 1504/6404 candidate sequences
[01:36:03]   scored 2000/6404 candidate sequences
[01:36:04]   scored 2504/6404 candidate sequences
[01:36:05]   scored 3000/6404 candidate sequences
[01:36:07]   scored 3504/6404 candidate sequences
[01:36:09]   scored 4000/6404 candidate sequences
[01:36:10]   scored 4504/6404 candidate sequences
[01:36:12]   scored 5000/6404 candidate sequences
[01:36:15]   scored 5504/6404 candidate sequences
[01:36:18]   scored 6000/6404 candidate sequences
[01:36:29]   scored 504/6404 candidate sequences
[01:36:30]   scored 1000/6404 candidate sequences
[01:36:31]   scored 1504/6404 candidate sequences
[01:36:33]   scored 2000/6404 candidate sequences
[01:36:34]   scored 2504/6404 candidate sequences
[01:36:35]   scored 3000/6404 candidate sequences
[01:36:37]   scored 3504/6404 candidate sequences
[01:36:39]   scored 4000/6404 candidate sequences
[01:36:40]   scored 4504/6404 candidate sequences
[01:36:42]   scored 5000/6404 candidate sequences
[01:36:45]   scored 5504/6404 candidate sequences
[01:36:48]   scored 6000/6404 candidate sequences
[01:36:58]   scored 504/6404 candidate sequences
[01:36:59]   scored 1000/6404 candidate sequences
[01:37:01]   scored 1504/6404 candidate sequences
[01:37:02]   scored 2000/6404 candidate sequences
[01:37:03]   scored 2504/6404 candidate sequences
[01:37:05]   scored 3000/6404 candidate sequences
[01:37:06]   scored 3504/6404 candidate sequences
[01:37:08]   scored 4000/6404 candidate sequences
[01:37:10]   scored 4504/6404 candidate sequences
[01:37:12]   scored 5000/6404 candidate sequences
[01:37:14]   scored 5504/6404 candidate sequences
[01:37:17]   scored 6000/6404 candidate sequences
[01:37:28]   scored 504/6404 candidate sequences
[01:37:29]   scored 1000/6404 candidate sequences
[01:37:30]   scored 1504/6404 candidate sequences
[01:37:32]   scored 2000/6404 candidate sequences
[01:37:33]   scored 2504/6404 candidate sequences
[01:37:34]   scored 3000/6404 candidate sequences
[01:37:36]   scored 3504/6404 candidate sequences
[01:37:38]   scored 4000/6404 candidate sequences
[01:37:40]   scored 4504/6404 candidate sequences
[01:37:42]   scored 5000/6404 candidate sequences
[01:37:44]   scored 5504/6404 candidate sequences
[01:37:47]   scored 6000/6404 candidate sequences
[01:37:58]   scored 504/6404 candidate sequences
[01:37:59]   scored 1000/6404 candidate sequences
[01:38:00]   scored 1504/6404 candidate sequences
[01:38:02]   scored 2000/6404 candidate sequences
[01:38:03]   scored 2504/6404 candidate sequences
[01:38:04]   scored 3000/6404 candidate sequences
[01:38:06]   scored 3504/6404 candidate sequences
[01:38:07]   scored 4000/6404 candidate sequences
[01:38:09]   scored 4504/6404 candidate sequences
[01:38:11]   scored 5000/6404 candidate sequences
[01:38:14]   scored 5504/6404 candidate sequences
[01:38:17]   scored 6000/6404 candidate sequences
[01:38:27]   scored 504/6404 candidate sequences
[01:38:29]   scored 1000/6404 candidate sequences
[01:38:30]   scored 1504/6404 candidate sequences
[01:38:31]   scored 2000/6404 candidate sequences
[01:38:33]   scored 2504/6404 candidate sequences
[01:38:34]   scored 3000/6404 candidate sequences
[01:38:35]   scored 3504/6404 candidate sequences
[01:38:37]   scored 4000/6404 candidate sequences
[01:38:39]   scored 4504/6404 candidate sequences
[01:38:41]   scored 5000/6404 candidate sequences
[01:38:44]   scored 5504/6404 candidate sequences
[01:38:47]   scored 6000/6404 candidate sequences
[01:38:57]   scored 504/6404 candidate sequences
[01:38:58]   scored 1000/6404 candidate sequences
[01:38:59]   scored 1504/6404 candidate sequences
[01:39:01]   scored 2000/6404 candidate sequences
[01:39:02]   scored 2504/6404 candidate sequences
[01:39:03]   scored 3000/6404 candidate sequences
[01:39:05]   scored 3504/6404 candidate sequences
[01:39:07]   scored 4000/6404 candidate sequences
[01:39:08]   scored 4504/6404 candidate sequences
[01:39:10]   scored 5000/6404 candidate sequences
[01:39:13]   scored 5504/6404 candidate sequences
[01:39:16]   scored 6000/6404 candidate sequences
[01:39:27]   scored 504/6404 candidate sequences
[01:39:28]   scored 1000/6404 candidate sequences
[01:39:29]   scored 1504/6404 candidate sequences
[01:39:30]   scored 2000/6404 candidate sequences
[01:39:32]   scored 2504/6404 candidate sequences
[01:39:33]   scored 3000/6404 candidate sequences
[01:39:35]   scored 3504/6404 candidate sequences
[01:39:36]   scored 4000/6404 candidate sequences
[01:39:38]   scored 4504/6404 candidate sequences
[01:39:40]   scored 5000/6404 candidate sequences
[01:39:43]   scored 5504/6404 candidate sequences
[01:39:46]   scored 6000/6404 candidate sequences
[01:39:57]   scored 504/6404 candidate sequences
[01:39:58]   scored 1000/6404 candidate sequences
[01:39:59]   scored 1504/6404 candidate sequences
[01:40:00]   scored 2000/6404 candidate sequences
[01:40:02]   scored 2504/6404 candidate sequences
[01:40:03]   scored 3000/6404 candidate sequences
[01:40:05]   scored 3504/6404 candidate sequences
[01:40:06]   scored 4000/6404 candidate sequences
[01:40:08]   scored 4504/6404 candidate sequences
[01:40:10]   scored 5000/6404 candidate sequences
[01:40:13]   scored 5504/6404 candidate sequences
[01:40:16]   scored 6000/6404 candidate sequences
[01:40:26]   scored 504/6404 candidate sequences
[01:40:27]   scored 1000/6404 candidate sequences
[01:40:29]   scored 1504/6404 candidate sequences
[01:40:30]   scored 2000/6404 candidate sequences
[01:40:31]   scored 2504/6404 candidate sequences
[01:40:33]   scored 3000/6404 candidate sequences
[01:40:34]   scored 3504/6404 candidate sequences
[01:40:36]   scored 4000/6404 candidate sequences
[01:40:38]   scored 4504/6404 candidate sequences
[01:40:40]   scored 5000/6404 candidate sequences
[01:40:42]   scored 5504/6404 candidate sequences
[01:40:45]   scored 6000/6404 candidate sequences
[01:40:56]   scored 504/6404 candidate sequences
[01:40:57]   scored 1000/6404 candidate sequences
[01:40:58]   scored 1504/6404 candidate sequences
[01:41:00]   scored 2000/6404 candidate sequences
[01:41:01]   scored 2504/6404 candidate sequences
[01:41:02]   scored 3000/6404 candidate sequences
[01:41:04]   scored 3504/6404 candidate sequences
[01:41:05]   scored 4000/6404 candidate sequences
[01:41:07]   scored 4504/6404 candidate sequences
[01:41:09]   scored 5000/6404 candidate sequences
[01:41:12]   scored 5504/6404 candidate sequences
[01:41:15]   scored 6000/6404 candidate sequences
[01:41:25]   scored 504/6404 candidate sequences
[01:41:27]   scored 1000/6404 candidate sequences
[01:41:28]   scored 1504/6404 candidate sequences
[01:41:29]   scored 2000/6404 candidate sequences
[01:41:31]   scored 2504/6404 candidate sequences
[01:41:32]   scored 3000/6404 candidate sequences
[01:41:34]   scored 3504/6404 candidate sequences
[01:41:35]   scored 4000/6404 candidate sequences
[01:41:37]   scored 4504/6404 candidate sequences
[01:41:39]   scored 5000/6404 candidate sequences
[01:41:42]   scored 5504/6404 candidate sequences
[01:41:45]   scored 6000/6404 candidate sequences
[01:41:55]   scored 504/6404 candidate sequences
[01:41:56]   scored 1000/6404 candidate sequences
[01:41:58]   scored 1504/6404 candidate sequences
[01:41:59]   scored 2000/6404 candidate sequences
[01:42:00]   scored 2504/6404 candidate sequences
[01:42:02]   scored 3000/6404 candidate sequences
[01:42:03]   scored 3504/6404 candidate sequences
[01:42:05]   scored 4000/6404 candidate sequences
[01:42:07]   scored 4504/6404 candidate sequences
[01:42:09]   scored 5000/6404 candidate sequences
[01:42:11]   scored 5504/6404 candidate sequences
[01:42:14]   scored 6000/6404 candidate sequences
[01:42:25]   scored 504/6404 candidate sequences
[01:42:26]   scored 1000/6404 candidate sequences
[01:42:27]   scored 1504/6404 candidate sequences
[01:42:29]   scored 2000/6404 candidate sequences
[01:42:30]   scored 2504/6404 candidate sequences
[01:42:31]   scored 3000/6404 candidate sequences
[01:42:33]   scored 3504/6404 candidate sequences
[01:42:35]   scored 4000/6404 candidate sequences
[01:42:37]   scored 4504/6404 candidate sequences
[01:42:39]   scored 5000/6404 candidate sequences
[01:42:41]   scored 5504/6404 candidate sequences
[01:42:44]   scored 6000/6404 candidate sequences
[01:42:55]   scored 504/6404 candidate sequences
[01:42:56]   scored 1000/6404 candidate sequences
[01:42:57]   scored 1504/6404 candidate sequences
[01:42:59]   scored 2000/6404 candidate sequences
[01:43:00]   scored 2504/6404 candidate sequences
[01:43:02]   scored 3000/6404 candidate sequences
[01:43:03]   scored 3504/6404 candidate sequences
[01:43:05]   scored 4000/6404 candidate sequences
[01:43:07]   scored 4504/6404 candidate sequences
[01:43:09]   scored 5000/6404 candidate sequences
[01:43:11]   scored 5504/6404 candidate sequences
[01:43:14]   scored 6000/6404 candidate sequences
[01:43:24]   scored 504/6404 candidate sequences
[01:43:26]   scored 1000/6404 candidate sequences
[01:43:27]   scored 1504/6404 candidate sequences
[01:43:28]   scored 2000/6404 candidate sequences
[01:43:30]   scored 2504/6404 candidate sequences
[01:43:31]   scored 3000/6404 candidate sequences
[01:43:32]   scored 3504/6404 candidate sequences
[01:43:34]   scored 4000/6404 candidate sequences
[01:43:36]   scored 4504/6404 candidate sequences
[01:43:38]   scored 5000/6404 candidate sequences
[01:43:40]   scored 5504/6404 candidate sequences
[01:43:44]   scored 6000/6404 candidate sequences
[01:43:54]   scored 504/6404 candidate sequences
[01:43:55]   scored 1000/6404 candidate sequences
[01:43:57]   scored 1504/6404 candidate sequences
[01:43:58]   scored 2000/6404 candidate sequences
[01:43:59]   scored 2504/6404 candidate sequences
[01:44:01]   scored 3000/6404 candidate sequences
[01:44:02]   scored 3504/6404 candidate sequences
[01:44:04]   scored 4000/6404 candidate sequences
[01:44:06]   scored 4504/6404 candidate sequences
[01:44:08]   scored 5000/6404 candidate sequences
[01:44:10]   scored 5504/6404 candidate sequences
[01:44:13]   scored 6000/6404 candidate sequences
[01:44:24]   scored 504/6404 candidate sequences
[01:44:25]   scored 1000/6404 candidate sequences
[01:44:26]   scored 1504/6404 candidate sequences
[01:44:28]   scored 2000/6404 candidate sequences
[01:44:29]   scored 2504/6404 candidate sequences
[01:44:31]   scored 3000/6404 candidate sequences
[01:44:32]   scored 3504/6404 candidate sequences
[01:44:34]   scored 4000/6404 candidate sequences
[01:44:36]   scored 4504/6404 candidate sequences
[01:44:38]   scored 5000/6404 candidate sequences
[01:44:40]   scored 5504/6404 candidate sequences
[01:44:43]   scored 6000/6404 candidate sequences
[01:44:54]   scored 504/6404 candidate sequences
[01:44:55]   scored 1000/6404 candidate sequences
[01:44:56]   scored 1504/6404 candidate sequences
[01:44:58]   scored 2000/6404 candidate sequences
[01:44:59]   scored 2504/6404 candidate sequences
[01:45:00]   scored 3000/6404 candidate sequences
[01:45:02]   scored 3504/6404 candidate sequences
[01:45:04]   scored 4000/6404 candidate sequences
[01:45:05]   scored 4504/6404 candidate sequences
[01:45:07]   scored 5000/6404 candidate sequences
[01:45:10]   scored 5504/6404 candidate sequences
[01:45:13]   scored 6000/6404 candidate sequences
[01:45:23]   scored 504/6404 candidate sequences
[01:45:24]   scored 1000/6404 candidate sequences
[01:45:26]   scored 1504/6404 candidate sequences
[01:45:27]   scored 2000/6404 candidate sequences
[01:45:28]   scored 2504/6404 candidate sequences
[01:45:30]   scored 3000/6404 candidate sequences
[01:45:31]   scored 3504/6404 candidate sequences
[01:45:33]   scored 4000/6404 candidate sequences
[01:45:35]   scored 4504/6404 candidate sequences
[01:45:37]   scored 5000/6404 candidate sequences
[01:45:39]   scored 5504/6404 candidate sequences
[01:45:42]   scored 6000/6404 candidate sequences
[01:45:53]   scored 504/6404 candidate sequences
[01:45:54]   scored 1000/6404 candidate sequences
[01:45:56]   scored 1504/6404 candidate sequences
[01:45:57]   scored 2000/6404 candidate sequences
[01:45:58]   scored 2504/6404 candidate sequences
[01:46:00]   scored 3000/6404 candidate sequences
[01:46:01]   scored 3504/6404 candidate sequences
[01:46:03]   scored 4000/6404 candidate sequences
[01:46:05]   scored 4504/6404 candidate sequences
[01:46:07]   scored 5000/6404 candidate sequences
[01:46:09]   scored 5504/6404 candidate sequences
[01:46:12]   scored 6000/6404 candidate sequences
[01:46:23]   scored 504/6404 candidate sequences
[01:46:24]   scored 1000/6404 candidate sequences
[01:46:25]   scored 1504/6404 candidate sequences
[01:46:27]   scored 2000/6404 candidate sequences
[01:46:28]   scored 2504/6404 candidate sequences
[01:46:29]   scored 3000/6404 candidate sequences
[01:46:31]   scored 3504/6404 candidate sequences
[01:46:33]   scored 4000/6404 candidate sequences
[01:46:35]   scored 4504/6404 candidate sequences
[01:46:36]   scored 5000/6404 candidate sequences
[01:46:39]   scored 5504/6404 candidate sequences
[01:46:42]   scored 6000/6404 candidate sequences
[01:46:53]   scored 504/6404 candidate sequences
[01:46:54]   scored 1000/6404 candidate sequences
[01:46:55]   scored 1504/6404 candidate sequences
[01:46:57]   scored 2000/6404 candidate sequences
[01:46:58]   scored 2504/6404 candidate sequences
[01:46:59]   scored 3000/6404 candidate sequences
[01:47:01]   scored 3504/6404 candidate sequences
[01:47:03]   scored 4000/6404 candidate sequences
[01:47:05]   scored 4504/6404 candidate sequences
[01:47:06]   scored 5000/6404 candidate sequences
[01:47:09]   scored 5504/6404 candidate sequences
[01:47:12]   scored 6000/6404 candidate sequences
[01:47:22]   scored 504/6404 candidate sequences
[01:47:23]   scored 1000/6404 candidate sequences
[01:47:25]   scored 1504/6404 candidate sequences
[01:47:26]   scored 2000/6404 candidate sequences
[01:47:27]   scored 2504/6404 candidate sequences
[01:47:29]   scored 3000/6404 candidate sequences
[01:47:30]   scored 3504/6404 candidate sequences
[01:47:32]   scored 4000/6404 candidate sequences
[01:47:34]   scored 4504/6404 candidate sequences
[01:47:36]   scored 5000/6404 candidate sequences
[01:47:38]   scored 5504/6404 candidate sequences
[01:47:41]   scored 6000/6404 candidate sequences
[01:47:52]   scored 504/6404 candidate sequences
[01:47:53]   scored 1000/6404 candidate sequences
[01:47:55]   scored 1504/6404 candidate sequences
[01:47:56]   scored 2000/6404 candidate sequences
[01:47:57]   scored 2504/6404 candidate sequences
[01:47:59]   scored 3000/6404 candidate sequences
[01:48:00]   scored 3504/6404 candidate sequences
[01:48:02]   scored 4000/6404 candidate sequences
[01:48:04]   scored 4504/6404 candidate sequences
[01:48:06]   scored 5000/6404 candidate sequences
[01:48:08]   scored 5504/6404 candidate sequences
[01:48:11]   scored 6000/6404 candidate sequences
[01:48:22]   scored 504/6404 candidate sequences
[01:48:23]   scored 1000/6404 candidate sequences
[01:48:24]   scored 1504/6404 candidate sequences
[01:48:26]   scored 2000/6404 candidate sequences
[01:48:27]   scored 2504/6404 candidate sequences
[01:48:28]   scored 3000/6404 candidate sequences
[01:48:30]   scored 3504/6404 candidate sequences
[01:48:32]   scored 4000/6404 candidate sequences
[01:48:34]   scored 4504/6404 candidate sequences
[01:48:36]   scored 5000/6404 candidate sequences
[01:48:38]   scored 5504/6404 candidate sequences
[01:48:41]   scored 6000/6404 candidate sequences
[01:48:52]   scored 504/6404 candidate sequences
[01:48:53]   scored 1000/6404 candidate sequences
[01:48:54]   scored 1504/6404 candidate sequences
[01:48:56]   scored 2000/6404 candidate sequences
[01:48:57]   scored 2504/6404 candidate sequences
[01:48:58]   scored 3000/6404 candidate sequences
[01:49:00]   scored 3504/6404 candidate sequences
[01:49:02]   scored 4000/6404 candidate sequences
[01:49:03]   scored 4504/6404 candidate sequences
[01:49:05]   scored 5000/6404 candidate sequences
[01:49:08]   scored 5504/6404 candidate sequences
[01:49:11]   scored 6000/6404 candidate sequences
[01:49:21]   scored 504/6404 candidate sequences
[01:49:22]   scored 1000/6404 candidate sequences
[01:49:24]   scored 1504/6404 candidate sequences
[01:49:25]   scored 2000/6404 candidate sequences
[01:49:26]   scored 2504/6404 candidate sequences
[01:49:28]   scored 3000/6404 candidate sequences
[01:49:29]   scored 3504/6404 candidate sequences
[01:49:31]   scored 4000/6404 candidate sequences
[01:49:33]   scored 4504/6404 candidate sequences
[01:49:35]   scored 5000/6404 candidate sequences
[01:49:37]   scored 5504/6404 candidate sequences
[01:49:40]   scored 6000/6404 candidate sequences
[01:49:51]   scored 504/6404 candidate sequences
[01:49:52]   scored 1000/6404 candidate sequences
[01:49:53]   scored 1504/6404 candidate sequences
[01:49:55]   scored 2000/6404 candidate sequences
[01:49:56]   scored 2504/6404 candidate sequences
[01:49:57]   scored 3000/6404 candidate sequences
[01:49:59]   scored 3504/6404 candidate sequences
[01:50:01]   scored 4000/6404 candidate sequences
[01:50:03]   scored 4504/6404 candidate sequences
[01:50:05]   scored 5000/6404 candidate sequences
[01:50:07]   scored 5504/6404 candidate sequences
[01:50:10]   scored 6000/6404 candidate sequences
[01:50:21]   scored 504/6404 candidate sequences
[01:50:22]   scored 1000/6404 candidate sequences
[01:50:23]   scored 1504/6404 candidate sequences
[01:50:25]   scored 2000/6404 candidate sequences
[01:50:26]   scored 2504/6404 candidate sequences
[01:50:28]   scored 3000/6404 candidate sequences
[01:50:29]   scored 3504/6404 candidate sequences
[01:50:31]   scored 4000/6404 candidate sequences
[01:50:33]   scored 4504/6404 candidate sequences
[01:50:35]   scored 5000/6404 candidate sequences
[01:50:37]   scored 5504/6404 candidate sequences
[01:50:40]   scored 6000/6404 candidate sequences
[01:50:51]   scored 504/6404 candidate sequences
[01:50:52]   scored 1000/6404 candidate sequences
[01:50:53]   scored 1504/6404 candidate sequences
[01:50:54]   scored 2000/6404 candidate sequences
[01:50:56]   scored 2504/6404 candidate sequences
[01:50:57]   scored 3000/6404 candidate sequences
[01:50:59]   scored 3504/6404 candidate sequences
[01:51:00]   scored 4000/6404 candidate sequences
[01:51:02]   scored 4504/6404 candidate sequences
[01:51:04]   scored 5000/6404 candidate sequences
[01:51:07]   scored 5504/6404 candidate sequences
[01:51:10]   scored 6000/6404 candidate sequences
[01:51:20]   scored 504/6404 candidate sequences
[01:51:21]   scored 1000/6404 candidate sequences
[01:51:23]   scored 1504/6404 candidate sequences
[01:51:24]   scored 2000/6404 candidate sequences
[01:51:25]   scored 2504/6404 candidate sequences
[01:51:27]   scored 3000/6404 candidate sequences
[01:51:28]   scored 3504/6404 candidate sequences
[01:51:30]   scored 4000/6404 candidate sequences
[01:51:32]   scored 4504/6404 candidate sequences
[01:51:34]   scored 5000/6404 candidate sequences
[01:51:36]   scored 5504/6404 candidate sequences
[01:51:39]   scored 6000/6404 candidate sequences
[01:51:50]   scored 504/6404 candidate sequences
[01:51:51]   scored 1000/6404 candidate sequences
[01:51:52]   scored 1504/6404 candidate sequences
[01:51:54]   scored 2000/6404 candidate sequences
[01:51:55]   scored 2504/6404 candidate sequences
[01:51:56]   scored 3000/6404 candidate sequences
[01:51:58]   scored 3504/6404 candidate sequences
[01:52:00]   scored 4000/6404 candidate sequences
[01:52:01]   scored 4504/6404 candidate sequences
[01:52:03]   scored 5000/6404 candidate sequences
[01:52:06]   scored 5504/6404 candidate sequences
[01:52:09]   scored 6000/6404 candidate sequences
[01:52:20]   scored 504/6404 candidate sequences
[01:52:21]   scored 1000/6404 candidate sequences
[01:52:22]   scored 1504/6404 candidate sequences
[01:52:24]   scored 2000/6404 candidate sequences
[01:52:25]   scored 2504/6404 candidate sequences
[01:52:26]   scored 3000/6404 candidate sequences
[01:52:28]   scored 3504/6404 candidate sequences
[01:52:30]   scored 4000/6404 candidate sequences
[01:52:31]   scored 4504/6404 candidate sequences
[01:52:33]   scored 5000/6404 candidate sequences
[01:52:36]   scored 5504/6404 candidate sequences
[01:52:39]   scored 6000/6404 candidate sequences
[01:52:49]   scored 504/6404 candidate sequences
[01:52:51]   scored 1000/6404 candidate sequences
[01:52:52]   scored 1504/6404 candidate sequences
[01:52:53]   scored 2000/6404 candidate sequences
[01:52:55]   scored 2504/6404 candidate sequences
[01:52:56]   scored 3000/6404 candidate sequences
[01:52:58]   scored 3504/6404 candidate sequences
[01:52:59]   scored 4000/6404 candidate sequences
[01:53:01]   scored 4504/6404 candidate sequences
[01:53:03]   scored 5000/6404 candidate sequences
[01:53:06]   scored 5504/6404 candidate sequences
[01:53:09]   scored 6000/6404 candidate sequences
[01:53:19]   scored 504/6404 candidate sequences
[01:53:21]   scored 1000/6404 candidate sequences
[01:53:22]   scored 1504/6404 candidate sequences
[01:53:23]   scored 2000/6404 candidate sequences
[01:53:25]   scored 2504/6404 candidate sequences
[01:53:26]   scored 3000/6404 candidate sequences
[01:53:28]   scored 3504/6404 candidate sequences
[01:53:29]   scored 4000/6404 candidate sequences
[01:53:31]   scored 4504/6404 candidate sequences
[01:53:33]   scored 5000/6404 candidate sequences
[01:53:36]   scored 5504/6404 candidate sequences
[01:53:39]   scored 6000/6404 candidate sequences
[01:53:49]   scored 504/6404 candidate sequences
[01:53:50]   scored 1000/6404 candidate sequences
[01:53:51]   scored 1504/6404 candidate sequences
[01:53:53]   scored 2000/6404 candidate sequences
[01:53:54]   scored 2504/6404 candidate sequences
[01:53:55]   scored 3000/6404 candidate sequences
[01:53:57]   scored 3504/6404 candidate sequences
[01:53:59]   scored 4000/6404 candidate sequences
[01:54:00]   scored 4504/6404 candidate sequences
[01:54:02]   scored 5000/6404 candidate sequences
[01:54:05]   scored 5504/6404 candidate sequences
[01:54:08]   scored 6000/6404 candidate sequences
[01:54:19]   scored 504/6404 candidate sequences
[01:54:20]   scored 1000/6404 candidate sequences
[01:54:21]   scored 1504/6404 candidate sequences
[01:54:22]   scored 2000/6404 candidate sequences
[01:54:24]   scored 2504/6404 candidate sequences
[01:54:25]   scored 3000/6404 candidate sequences
[01:54:27]   scored 3504/6404 candidate sequences
[01:54:28]   scored 4000/6404 candidate sequences
[01:54:30]   scored 4504/6404 candidate sequences
[01:54:32]   scored 5000/6404 candidate sequences
[01:54:35]   scored 5504/6404 candidate sequences
[01:54:38]   scored 6000/6404 candidate sequences
[01:54:48]   scored 504/6404 candidate sequences
[01:54:50]   scored 1000/6404 candidate sequences
[01:54:51]   scored 1504/6404 candidate sequences
[01:54:52]   scored 2000/6404 candidate sequences
[01:54:54]   scored 2504/6404 candidate sequences
[01:54:55]   scored 3000/6404 candidate sequences
[01:54:56]   scored 3504/6404 candidate sequences
[01:54:58]   scored 4000/6404 candidate sequences
[01:55:00]   scored 4504/6404 candidate sequences
[01:55:02]   scored 5000/6404 candidate sequences
[01:55:04]   scored 5504/6404 candidate sequences
[01:55:08]   scored 6000/6404 candidate sequences
[01:55:18]   scored 504/6404 candidate sequences
[01:55:19]   scored 1000/6404 candidate sequences
[01:55:21]   scored 1504/6404 candidate sequences
[01:55:22]   scored 2000/6404 candidate sequences
[01:55:23]   scored 2504/6404 candidate sequences
[01:55:25]   scored 3000/6404 candidate sequences
[01:55:26]   scored 3504/6404 candidate sequences
[01:55:28]   scored 4000/6404 candidate sequences
[01:55:30]   scored 4504/6404 candidate sequences
[01:55:32]   scored 5000/6404 candidate sequences
[01:55:34]   scored 5504/6404 candidate sequences
[01:55:37]   scored 6000/6404 candidate sequences
[01:55:43] [greedy_bias_aware] step 0: raise L13.self_attn.v_proj -> J=0.0762 bytes=4152909824
[01:55:48]   scored 504/6404 candidate sequences
[01:55:49]   scored 1000/6404 candidate sequences
[01:55:50]   scored 1504/6404 candidate sequences
[01:55:51]   scored 2000/6404 candidate sequences
[01:55:53]   scored 2504/6404 candidate sequences
[01:55:54]   scored 3000/6404 candidate sequences
[01:55:56]   scored 3504/6404 candidate sequences
[01:55:57]   scored 4000/6404 candidate sequences
[01:55:59]   scored 4504/6404 candidate sequences
[01:56:01]   scored 5000/6404 candidate sequences
[01:56:04]   scored 5504/6404 candidate sequences
[01:56:07]   scored 6000/6404 candidate sequences
[01:56:17]   scored 504/6404 candidate sequences
[01:56:19]   scored 1000/6404 candidate sequences
[01:56:20]   scored 1504/6404 candidate sequences
[01:56:21]   scored 2000/6404 candidate sequences
[01:56:23]   scored 2504/6404 candidate sequences
[01:56:24]   scored 3000/6404 candidate sequences
[01:56:25]   scored 3504/6404 candidate sequences
[01:56:27]   scored 4000/6404 candidate sequences
[01:56:29]   scored 4504/6404 candidate sequences
[01:56:31]   scored 5000/6404 candidate sequences
[01:56:34]   scored 5504/6404 candidate sequences
[01:56:37]   scored 6000/6404 candidate sequences
[01:56:47]   scored 504/6404 candidate sequences
[01:56:48]   scored 1000/6404 candidate sequences
[01:56:50]   scored 1504/6404 candidate sequences
[01:56:51]   scored 2000/6404 candidate sequences
[01:56:52]   scored 2504/6404 candidate sequences
[01:56:54]   scored 3000/6404 candidate sequences
[01:56:55]   scored 3504/6404 candidate sequences
[01:56:57]   scored 4000/6404 candidate sequences
[01:56:59]   scored 4504/6404 candidate sequences
[01:57:01]   scored 5000/6404 candidate sequences
[01:57:03]   scored 5504/6404 candidate sequences
[01:57:06]   scored 6000/6404 candidate sequences
[01:57:17]   scored 504/6404 candidate sequences
[01:57:18]   scored 1000/6404 candidate sequences
[01:57:20]   scored 1504/6404 candidate sequences
[01:57:21]   scored 2000/6404 candidate sequences
[01:57:22]   scored 2504/6404 candidate sequences
[01:57:24]   scored 3000/6404 candidate sequences
[01:57:25]   scored 3504/6404 candidate sequences
[01:57:27]   scored 4000/6404 candidate sequences
[01:57:29]   scored 4504/6404 candidate sequences
[01:57:31]   scored 5000/6404 candidate sequences
[01:57:33]   scored 5504/6404 candidate sequences
[01:57:36]   scored 6000/6404 candidate sequences
[01:57:47]   scored 504/6404 candidate sequences
[01:57:48]   scored 1000/6404 candidate sequences
[01:57:49]   scored 1504/6404 candidate sequences
[01:57:50]   scored 2000/6404 candidate sequences
[01:57:52]   scored 2504/6404 candidate sequences
[01:57:53]   scored 3000/6404 candidate sequences
[01:57:55]   scored 3504/6404 candidate sequences
[01:57:56]   scored 4000/6404 candidate sequences
[01:57:58]   scored 4504/6404 candidate sequences
[01:58:00]   scored 5000/6404 candidate sequences
[01:58:03]   scored 5504/6404 candidate sequences
[01:58:06]   scored 6000/6404 candidate sequences
[01:58:16]   scored 504/6404 candidate sequences
[01:58:17]   scored 1000/6404 candidate sequences
[01:58:19]   scored 1504/6404 candidate sequences
[01:58:20]   scored 2000/6404 candidate sequences
[01:58:21]   scored 2504/6404 candidate sequences
[01:58:23]   scored 3000/6404 candidate sequences
[01:58:24]   scored 3504/6404 candidate sequences
[01:58:26]   scored 4000/6404 candidate sequences
[01:58:28]   scored 4504/6404 candidate sequences
[01:58:30]   scored 5000/6404 candidate sequences
[01:58:32]   scored 5504/6404 candidate sequences
[01:58:36]   scored 6000/6404 candidate sequences
[01:58:46]   scored 504/6404 candidate sequences
[01:58:47]   scored 1000/6404 candidate sequences
[01:58:49]   scored 1504/6404 candidate sequences
[01:58:50]   scored 2000/6404 candidate sequences
[01:58:51]   scored 2504/6404 candidate sequences
[01:58:53]   scored 3000/6404 candidate sequences
[01:58:54]   scored 3504/6404 candidate sequences
[01:58:56]   scored 4000/6404 candidate sequences
[01:58:58]   scored 4504/6404 candidate sequences
[01:59:00]   scored 5000/6404 candidate sequences
[01:59:02]   scored 5504/6404 candidate sequences
[01:59:05]   scored 6000/6404 candidate sequences
[01:59:16]   scored 504/6404 candidate sequences
[01:59:17]   scored 1000/6404 candidate sequences
[01:59:18]   scored 1504/6404 candidate sequences
[01:59:20]   scored 2000/6404 candidate sequences
[01:59:21]   scored 2504/6404 candidate sequences
[01:59:22]   scored 3000/6404 candidate sequences
[01:59:24]   scored 3504/6404 candidate sequences
[01:59:26]   scored 4000/6404 candidate sequences
[01:59:27]   scored 4504/6404 candidate sequences
[01:59:29]   scored 5000/6404 candidate sequences
[01:59:32]   scored 5504/6404 candidate sequences
[01:59:35]   scored 6000/6404 candidate sequences
[01:59:45]   scored 504/6404 candidate sequences
[01:59:46]   scored 1000/6404 candidate sequences
[01:59:48]   scored 1504/6404 candidate sequences
[01:59:49]   scored 2000/6404 candidate sequences
[01:59:50]   scored 2504/6404 candidate sequences
[01:59:52]   scored 3000/6404 candidate sequences
[01:59:53]   scored 3504/6404 candidate sequences
[01:59:55]   scored 4000/6404 candidate sequences
[01:59:57]   scored 4504/6404 candidate sequences
[01:59:59]   scored 5000/6404 candidate sequences
[02:00:01]   scored 5504/6404 candidate sequences
[02:00:04]   scored 6000/6404 candidate sequences
[02:00:15]   scored 504/6404 candidate sequences
[02:00:16]   scored 1000/6404 candidate sequences
[02:00:18]   scored 1504/6404 candidate sequences
[02:00:19]   scored 2000/6404 candidate sequences
[02:00:20]   scored 2504/6404 candidate sequences
[02:00:22]   scored 3000/6404 candidate sequences
[02:00:23]   scored 3504/6404 candidate sequences
[02:00:25]   scored 4000/6404 candidate sequences
[02:00:27]   scored 4504/6404 candidate sequences
[02:00:29]   scored 5000/6404 candidate sequences
[02:00:31]   scored 5504/6404 candidate sequences
[02:00:34]   scored 6000/6404 candidate sequences
[02:00:45]   scored 504/6404 candidate sequences
[02:00:46]   scored 1000/6404 candidate sequences
[02:00:47]   scored 1504/6404 candidate sequences
[02:00:49]   scored 2000/6404 candidate sequences
[02:00:50]   scored 2504/6404 candidate sequences
[02:00:52]   scored 3000/6404 candidate sequences
[02:00:53]   scored 3504/6404 candidate sequences
[02:00:55]   scored 4000/6404 candidate sequences
[02:00:57]   scored 4504/6404 candidate sequences
[02:00:59]   scored 5000/6404 candidate sequences
[02:01:01]   scored 5504/6404 candidate sequences
[02:01:04]   scored 6000/6404 candidate sequences
[02:01:15]   scored 504/6404 candidate sequences
[02:01:16]   scored 1000/6404 candidate sequences
[02:01:17]   scored 1504/6404 candidate sequences
[02:01:18]   scored 2000/6404 candidate sequences
[02:01:20]   scored 2504/6404 candidate sequences
[02:01:21]   scored 3000/6404 candidate sequences
[02:01:23]   scored 3504/6404 candidate sequences
[02:01:24]   scored 4000/6404 candidate sequences
[02:01:26]   scored 4504/6404 candidate sequences
[02:01:28]   scored 5000/6404 candidate sequences
[02:01:31]   scored 5504/6404 candidate sequences
[02:01:34]   scored 6000/6404 candidate sequences
[02:01:44]   scored 504/6404 candidate sequences
[02:01:45]   scored 1000/6404 candidate sequences
[02:01:47]   scored 1504/6404 candidate sequences
[02:01:48]   scored 2000/6404 candidate sequences
[02:01:49]   scored 2504/6404 candidate sequences
[02:01:51]   scored 3000/6404 candidate sequences
[02:01:52]   scored 3504/6404 candidate sequences
[02:01:54]   scored 4000/6404 candidate sequences
[02:01:56]   scored 4504/6404 candidate sequences
[02:01:58]   scored 5000/6404 candidate sequences
[02:02:00]   scored 5504/6404 candidate sequences
[02:02:03]   scored 6000/6404 candidate sequences
[02:02:14]   scored 504/6404 candidate sequences
[02:02:15]   scored 1000/6404 candidate sequences
[02:02:16]   scored 1504/6404 candidate sequences
[02:02:18]   scored 2000/6404 candidate sequences
[02:02:19]   scored 2504/6404 candidate sequences
[02:02:20]   scored 3000/6404 candidate sequences
[02:02:22]   scored 3504/6404 candidate sequences
[02:02:24]   scored 4000/6404 candidate sequences
[02:02:26]   scored 4504/6404 candidate sequences
[02:02:28]   scored 5000/6404 candidate sequences
[02:02:30]   scored 5504/6404 candidate sequences
[02:02:33]   scored 6000/6404 candidate sequences
[02:02:44]   scored 504/6404 candidate sequences
[02:02:45]   scored 1000/6404 candidate sequences
[02:02:46]   scored 1504/6404 candidate sequences
[02:02:48]   scored 2000/6404 candidate sequences
[02:02:49]   scored 2504/6404 candidate sequences
[02:02:50]   scored 3000/6404 candidate sequences
[02:02:52]   scored 3504/6404 candidate sequences
[02:02:54]   scored 4000/6404 candidate sequences
[02:02:55]   scored 4504/6404 candidate sequences
[02:02:57]   scored 5000/6404 candidate sequences
[02:03:00]   scored 5504/6404 candidate sequences
[02:03:03]   scored 6000/6404 candidate sequences
[02:03:14]   scored 504/6404 candidate sequences
[02:03:15]   scored 1000/6404 candidate sequences
[02:03:16]   scored 1504/6404 candidate sequences
[02:03:17]   scored 2000/6404 candidate sequences
[02:03:19]   scored 2504/6404 candidate sequences
[02:03:20]   scored 3000/6404 candidate sequences
[02:03:22]   scored 3504/6404 candidate sequences
[02:03:23]   scored 4000/6404 candidate sequences
[02:03:25]   scored 4504/6404 candidate sequences
[02:03:27]   scored 5000/6404 candidate sequences
[02:03:30]   scored 5504/6404 candidate sequences
[02:03:33]   scored 6000/6404 candidate sequences
[02:03:43]   scored 504/6404 candidate sequences
[02:03:45]   scored 1000/6404 candidate sequences
[02:03:46]   scored 1504/6404 candidate sequences
[02:03:47]   scored 2000/6404 candidate sequences
[02:03:49]   scored 2504/6404 candidate sequences
[02:03:50]   scored 3000/6404 candidate sequences
[02:03:52]   scored 3504/6404 candidate sequences
[02:03:53]   scored 4000/6404 candidate sequences
[02:03:55]   scored 4504/6404 candidate sequences
[02:03:57]   scored 5000/6404 candidate sequences
[02:04:00]   scored 5504/6404 candidate sequences
[02:04:03]   scored 6000/6404 candidate sequences
[02:04:13]   scored 504/6404 candidate sequences
[02:04:14]   scored 1000/6404 candidate sequences
[02:04:15]   scored 1504/6404 candidate sequences
[02:04:17]   scored 2000/6404 candidate sequences
[02:04:18]   scored 2504/6404 candidate sequences
[02:04:19]   scored 3000/6404 candidate sequences
[02:04:21]   scored 3504/6404 candidate sequences
[02:04:23]   scored 4000/6404 candidate sequences
[02:04:25]   scored 4504/6404 candidate sequences
[02:04:27]   scored 5000/6404 candidate sequences
[02:04:29]   scored 5504/6404 candidate sequences
[02:04:32]   scored 6000/6404 candidate sequences
[02:04:43]   scored 504/6404 candidate sequences
[02:04:44]   scored 1000/6404 candidate sequences
[02:04:45]   scored 1504/6404 candidate sequences
[02:04:47]   scored 2000/6404 candidate sequences
[02:04:48]   scored 2504/6404 candidate sequences
[02:04:49]   scored 3000/6404 candidate sequences
[02:04:51]   scored 3504/6404 candidate sequences
[02:04:53]   scored 4000/6404 candidate sequences
[02:04:54]   scored 4504/6404 candidate sequences
[02:04:56]   scored 5000/6404 candidate sequences
[02:04:59]   scored 5504/6404 candidate sequences
[02:05:02]   scored 6000/6404 candidate sequences
[02:05:13]   scored 504/6404 candidate sequences
[02:05:14]   scored 1000/6404 candidate sequences
[02:05:15]   scored 1504/6404 candidate sequences
[02:05:16]   scored 2000/6404 candidate sequences
[02:05:18]   scored 2504/6404 candidate sequences
[02:05:19]   scored 3000/6404 candidate sequences
[02:05:21]   scored 3504/6404 candidate sequences
[02:05:22]   scored 4000/6404 candidate sequences
[02:05:24]   scored 4504/6404 candidate sequences
[02:05:26]   scored 5000/6404 candidate sequences
[02:05:29]   scored 5504/6404 candidate sequences
[02:05:32]   scored 6000/6404 candidate sequences
[02:05:42]   scored 504/6404 candidate sequences
[02:05:44]   scored 1000/6404 candidate sequences
[02:05:45]   scored 1504/6404 candidate sequences
[02:05:46]   scored 2000/6404 candidate sequences
[02:05:48]   scored 2504/6404 candidate sequences
[02:05:49]   scored 3000/6404 candidate sequences
[02:05:50]   scored 3504/6404 candidate sequences
[02:05:52]   scored 4000/6404 candidate sequences
[02:05:54]   scored 4504/6404 candidate sequences
[02:05:56]   scored 5000/6404 candidate sequences
[02:05:58]   scored 5504/6404 candidate sequences
[02:06:02]   scored 6000/6404 candidate sequences
[02:06:12]   scored 504/6404 candidate sequences
[02:06:13]   scored 1000/6404 candidate sequences
[02:06:14]   scored 1504/6404 candidate sequences
[02:06:16]   scored 2000/6404 candidate sequences
[02:06:17]   scored 2504/6404 candidate sequences
[02:06:18]   scored 3000/6404 candidate sequences
[02:06:20]   scored 3504/6404 candidate sequences
[02:06:22]   scored 4000/6404 candidate sequences
[02:06:23]   scored 4504/6404 candidate sequences
[02:06:25]   scored 5000/6404 candidate sequences
[02:06:28]   scored 5504/6404 candidate sequences
[02:06:31]   scored 6000/6404 candidate sequences
[02:06:42]   scored 504/6404 candidate sequences
[02:06:43]   scored 1000/6404 candidate sequences
[02:06:44]   scored 1504/6404 candidate sequences
[02:06:45]   scored 2000/6404 candidate sequences
[02:06:47]   scored 2504/6404 candidate sequences
[02:06:48]   scored 3000/6404 candidate sequences
[02:06:50]   scored 3504/6404 candidate sequences
[02:06:51]   scored 4000/6404 candidate sequences
[02:06:53]   scored 4504/6404 candidate sequences
[02:06:55]   scored 5000/6404 candidate sequences
[02:06:58]   scored 5504/6404 candidate sequences
[02:07:01]   scored 6000/6404 candidate sequences
[02:07:11]   scored 504/6404 candidate sequences
[02:07:12]   scored 1000/6404 candidate sequences
[02:07:14]   scored 1504/6404 candidate sequences
[02:07:15]   scored 2000/6404 candidate sequences
[02:07:16]   scored 2504/6404 candidate sequences
[02:07:18]   scored 3000/6404 candidate sequences
[02:07:19]   scored 3504/6404 candidate sequences
[02:07:21]   scored 4000/6404 candidate sequences
[02:07:23]   scored 4504/6404 candidate sequences
[02:07:25]   scored 5000/6404 candidate sequences
[02:07:27]   scored 5504/6404 candidate sequences
[02:07:30]   scored 6000/6404 candidate sequences
[02:07:41]   scored 504/6404 candidate sequences
[02:07:42]   scored 1000/6404 candidate sequences
[02:07:44]   scored 1504/6404 candidate sequences
[02:07:45]   scored 2000/6404 candidate sequences
[02:07:46]   scored 2504/6404 candidate sequences
[02:07:48]   scored 3000/6404 candidate sequences
[02:07:49]   scored 3504/6404 candidate sequences
[02:07:51]   scored 4000/6404 candidate sequences
[02:07:53]   scored 4504/6404 candidate sequences
[02:07:55]   scored 5000/6404 candidate sequences
[02:07:57]   scored 5504/6404 candidate sequences
[02:08:00]   scored 6000/6404 candidate sequences
[02:08:11]   scored 504/6404 candidate sequences
[02:08:12]   scored 1000/6404 candidate sequences
[02:08:13]   scored 1504/6404 candidate sequences
[02:08:14]   scored 2000/6404 candidate sequences
[02:08:16]   scored 2504/6404 candidate sequences
[02:08:17]   scored 3000/6404 candidate sequences
[02:08:19]   scored 3504/6404 candidate sequences
[02:08:20]   scored 4000/6404 candidate sequences
[02:08:22]   scored 4504/6404 candidate sequences
[02:08:24]   scored 5000/6404 candidate sequences
[02:08:27]   scored 5504/6404 candidate sequences
[02:08:30]   scored 6000/6404 candidate sequences
[02:08:40]   scored 504/6404 candidate sequences
[02:08:42]   scored 1000/6404 candidate sequences
[02:08:43]   scored 1504/6404 candidate sequences
[02:08:44]   scored 2000/6404 candidate sequences
[02:08:46]   scored 2504/6404 candidate sequences
[02:08:47]   scored 3000/6404 candidate sequences
[02:08:49]   scored 3504/6404 candidate sequences
[02:08:50]   scored 4000/6404 candidate sequences
[02:08:52]   scored 4504/6404 candidate sequences
[02:08:54]   scored 5000/6404 candidate sequences
[02:08:57]   scored 5504/6404 candidate sequences
[02:09:00]   scored 6000/6404 candidate sequences
[02:09:10]   scored 504/6404 candidate sequences
[02:09:11]   scored 1000/6404 candidate sequences
[02:09:13]   scored 1504/6404 candidate sequences
[02:09:14]   scored 2000/6404 candidate sequences
[02:09:15]   scored 2504/6404 candidate sequences
[02:09:17]   scored 3000/6404 candidate sequences
[02:09:18]   scored 3504/6404 candidate sequences
[02:09:20]   scored 4000/6404 candidate sequences
[02:09:22]   scored 4504/6404 candidate sequences
[02:09:24]   scored 5000/6404 candidate sequences
[02:09:26]   scored 5504/6404 candidate sequences
[02:09:30]   scored 6000/6404 candidate sequences
[02:09:40]   scored 504/6404 candidate sequences
[02:09:41]   scored 1000/6404 candidate sequences
[02:09:43]   scored 1504/6404 candidate sequences
[02:09:44]   scored 2000/6404 candidate sequences
[02:09:45]   scored 2504/6404 candidate sequences
[02:09:47]   scored 3000/6404 candidate sequences
[02:09:48]   scored 3504/6404 candidate sequences
[02:09:50]   scored 4000/6404 candidate sequences
[02:09:52]   scored 4504/6404 candidate sequences
[02:09:54]   scored 5000/6404 candidate sequences
[02:09:56]   scored 5504/6404 candidate sequences
[02:09:59]   scored 6000/6404 candidate sequences
[02:10:10]   scored 504/6404 candidate sequences
[02:10:11]   scored 1000/6404 candidate sequences
[02:10:12]   scored 1504/6404 candidate sequences
[02:10:13]   scored 2000/6404 candidate sequences
[02:10:15]   scored 2504/6404 candidate sequences
[02:10:16]   scored 3000/6404 candidate sequences
[02:10:18]   scored 3504/6404 candidate sequences
[02:10:19]   scored 4000/6404 candidate sequences
[02:10:21]   scored 4504/6404 candidate sequences
[02:10:23]   scored 5000/6404 candidate sequences
[02:10:26]   scored 5504/6404 candidate sequences
[02:10:29]   scored 6000/6404 candidate sequences
[02:10:40]   scored 504/6404 candidate sequences
[02:10:41]   scored 1000/6404 candidate sequences
[02:10:42]   scored 1504/6404 candidate sequences
[02:10:43]   scored 2000/6404 candidate sequences
[02:10:45]   scored 2504/6404 candidate sequences
[02:10:46]   scored 3000/6404 candidate sequences
[02:10:48]   scored 3504/6404 candidate sequences
[02:10:49]   scored 4000/6404 candidate sequences
[02:10:51]   scored 4504/6404 candidate sequences
[02:10:53]   scored 5000/6404 candidate sequences
[02:10:56]   scored 5504/6404 candidate sequences
[02:10:59]   scored 6000/6404 candidate sequences
[02:11:09]   scored 504/6404 candidate sequences
[02:11:11]   scored 1000/6404 candidate sequences
[02:11:12]   scored 1504/6404 candidate sequences
[02:11:13]   scored 2000/6404 candidate sequences
[02:11:15]   scored 2504/6404 candidate sequences
[02:11:16]   scored 3000/6404 candidate sequences
[02:11:18]   scored 3504/6404 candidate sequences
[02:11:19]   scored 4000/6404 candidate sequences
[02:11:21]   scored 4504/6404 candidate sequences
[02:11:23]   scored 5000/6404 candidate sequences
[02:11:26]   scored 5504/6404 candidate sequences
[02:11:29]   scored 6000/6404 candidate sequences
[02:11:39]   scored 504/6404 candidate sequences
[02:11:40]   scored 1000/6404 candidate sequences
[02:11:41]   scored 1504/6404 candidate sequences
[02:11:43]   scored 2000/6404 candidate sequences
[02:11:44]   scored 2504/6404 candidate sequences
[02:11:45]   scored 3000/6404 candidate sequences
[02:11:47]   scored 3504/6404 candidate sequences
[02:11:49]   scored 4000/6404 candidate sequences
[02:11:51]   scored 4504/6404 candidate sequences
[02:11:53]   scored 5000/6404 candidate sequences
[02:11:55]   scored 5504/6404 candidate sequences
[02:11:58]   scored 6000/6404 candidate sequences
[02:12:09]   scored 504/6404 candidate sequences
[02:12:10]   scored 1000/6404 candidate sequences
[02:12:11]   scored 1504/6404 candidate sequences
[02:12:12]   scored 2000/6404 candidate sequences
[02:12:14]   scored 2504/6404 candidate sequences
[02:12:15]   scored 3000/6404 candidate sequences
[02:12:17]   scored 3504/6404 candidate sequences
[02:12:18]   scored 4000/6404 candidate sequences
[02:12:20]   scored 4504/6404 candidate sequences
[02:12:22]   scored 5000/6404 candidate sequences
[02:12:25]   scored 5504/6404 candidate sequences
[02:12:28]   scored 6000/6404 candidate sequences
[02:12:38]   scored 504/6404 candidate sequences
[02:12:40]   scored 1000/6404 candidate sequences
[02:12:41]   scored 1504/6404 candidate sequences
[02:12:42]   scored 2000/6404 candidate sequences
[02:12:44]   scored 2504/6404 candidate sequences
[02:12:45]   scored 3000/6404 candidate sequences
[02:12:46]   scored 3504/6404 candidate sequences
[02:12:48]   scored 4000/6404 candidate sequences
[02:12:50]   scored 4504/6404 candidate sequences
[02:12:52]   scored 5000/6404 candidate sequences
[02:12:55]   scored 5504/6404 candidate sequences
[02:12:58]   scored 6000/6404 candidate sequences
[02:13:08]   scored 504/6404 candidate sequences
[02:13:09]   scored 1000/6404 candidate sequences
[02:13:11]   scored 1504/6404 candidate sequences
[02:13:12]   scored 2000/6404 candidate sequences
[02:13:13]   scored 2504/6404 candidate sequences
[02:13:15]   scored 3000/6404 candidate sequences
[02:13:16]   scored 3504/6404 candidate sequences
[02:13:18]   scored 4000/6404 candidate sequences
[02:13:20]   scored 4504/6404 candidate sequences
[02:13:22]   scored 5000/6404 candidate sequences
[02:13:24]   scored 5504/6404 candidate sequences
[02:13:27]   scored 6000/6404 candidate sequences
[02:13:38]   scored 504/6404 candidate sequences
[02:13:39]   scored 1000/6404 candidate sequences
[02:13:40]   scored 1504/6404 candidate sequences
[02:13:42]   scored 2000/6404 candidate sequences
[02:13:43]   scored 2504/6404 candidate sequences
[02:13:45]   scored 3000/6404 candidate sequences
[02:13:46]   scored 3504/6404 candidate sequences
[02:13:48]   scored 4000/6404 candidate sequences
[02:13:50]   scored 4504/6404 candidate sequences
[02:13:52]   scored 5000/6404 candidate sequences
[02:13:54]   scored 5504/6404 candidate sequences
[02:13:57]   scored 6000/6404 candidate sequences
[02:14:08]   scored 504/6404 candidate sequences
[02:14:09]   scored 1000/6404 candidate sequences
[02:14:10]   scored 1504/6404 candidate sequences
[02:14:12]   scored 2000/6404 candidate sequences
[02:14:13]   scored 2504/6404 candidate sequences
[02:14:15]   scored 3000/6404 candidate sequences
[02:14:16]   scored 3504/6404 candidate sequences
[02:14:18]   scored 4000/6404 candidate sequences
[02:14:20]   scored 4504/6404 candidate sequences
[02:14:22]   scored 5000/6404 candidate sequences
[02:14:24]   scored 5504/6404 candidate sequences
[02:14:27]   scored 6000/6404 candidate sequences
[02:14:37]   scored 504/6404 candidate sequences
[02:14:39]   scored 1000/6404 candidate sequences
[02:14:40]   scored 1504/6404 candidate sequences
[02:14:41]   scored 2000/6404 candidate sequences
[02:14:43]   scored 2504/6404 candidate sequences
[02:14:44]   scored 3000/6404 candidate sequences
[02:14:45]   scored 3504/6404 candidate sequences
[02:14:47]   scored 4000/6404 candidate sequences
[02:14:49]   scored 4504/6404 candidate sequences
[02:14:51]   scored 5000/6404 candidate sequences
[02:14:54]   scored 5504/6404 candidate sequences
[02:14:57]   scored 6000/6404 candidate sequences
[02:15:07]   scored 504/6404 candidate sequences
[02:15:08]   scored 1000/6404 candidate sequences
[02:15:10]   scored 1504/6404 candidate sequences
[02:15:11]   scored 2000/6404 candidate sequences
[02:15:12]   scored 2504/6404 candidate sequences
[02:15:14]   scored 3000/6404 candidate sequences
[02:15:15]   scored 3504/6404 candidate sequences
[02:15:17]   scored 4000/6404 candidate sequences
[02:15:19]   scored 4504/6404 candidate sequences
[02:15:21]   scored 5000/6404 candidate sequences
[02:15:23]   scored 5504/6404 candidate sequences
[02:15:26]   scored 6000/6404 candidate sequences
[02:15:37]   scored 504/6404 candidate sequences
[02:15:38]   scored 1000/6404 candidate sequences
[02:15:39]   scored 1504/6404 candidate sequences
[02:15:41]   scored 2000/6404 candidate sequences
[02:15:42]   scored 2504/6404 candidate sequences
[02:15:43]   scored 3000/6404 candidate sequences
[02:15:45]   scored 3504/6404 candidate sequences
[02:15:47]   scored 4000/6404 candidate sequences
[02:15:49]   scored 4504/6404 candidate sequences
[02:15:51]   scored 5000/6404 candidate sequences
[02:15:53]   scored 5504/6404 candidate sequences
[02:15:56]   scored 6000/6404 candidate sequences
[02:16:07]   scored 504/6404 candidate sequences
[02:16:08]   scored 1000/6404 candidate sequences
[02:16:09]   scored 1504/6404 candidate sequences
[02:16:11]   scored 2000/6404 candidate sequences
[02:16:12]   scored 2504/6404 candidate sequences
[02:16:13]   scored 3000/6404 candidate sequences
[02:16:15]   scored 3504/6404 candidate sequences
[02:16:17]   scored 4000/6404 candidate sequences
[02:16:19]   scored 4504/6404 candidate sequences
[02:16:20]   scored 5000/6404 candidate sequences
[02:16:23]   scored 5504/6404 candidate sequences
[02:16:26]   scored 6000/6404 candidate sequences
[02:16:36]   scored 504/6404 candidate sequences
[02:16:37]   scored 1000/6404 candidate sequences
[02:16:39]   scored 1504/6404 candidate sequences
[02:16:40]   scored 2000/6404 candidate sequences
[02:16:41]   scored 2504/6404 candidate sequences
[02:16:43]   scored 3000/6404 candidate sequences
[02:16:44]   scored 3504/6404 candidate sequences
[02:16:46]   scored 4000/6404 candidate sequences
[02:16:48]   scored 4504/6404 candidate sequences
[02:16:50]   scored 5000/6404 candidate sequences
[02:16:52]   scored 5504/6404 candidate sequences
[02:16:55]   scored 6000/6404 candidate sequences
[02:17:06]   scored 504/6404 candidate sequences
[02:17:07]   scored 1000/6404 candidate sequences
[02:17:09]   scored 1504/6404 candidate sequences
[02:17:10]   scored 2000/6404 candidate sequences
[02:17:11]   scored 2504/6404 candidate sequences
[02:17:13]   scored 3000/6404 candidate sequences
[02:17:14]   scored 3504/6404 candidate sequences
[02:17:16]   scored 4000/6404 candidate sequences
[02:17:18]   scored 4504/6404 candidate sequences
[02:17:20]   scored 5000/6404 candidate sequences
[02:17:22]   scored 5504/6404 candidate sequences
[02:17:25]   scored 6000/6404 candidate sequences
[02:17:36]   scored 504/6404 candidate sequences
[02:17:37]   scored 1000/6404 candidate sequences
[02:17:38]   scored 1504/6404 candidate sequences
[02:17:40]   scored 2000/6404 candidate sequences
[02:17:41]   scored 2504/6404 candidate sequences
[02:17:42]   scored 3000/6404 candidate sequences
[02:17:44]   scored 3504/6404 candidate sequences
[02:17:46]   scored 4000/6404 candidate sequences
[02:17:47]   scored 4504/6404 candidate sequences
[02:17:49]   scored 5000/6404 candidate sequences
[02:17:52]   scored 5504/6404 candidate sequences
[02:17:55]   scored 6000/6404 candidate sequences
[02:18:01] [greedy_bias_aware] step 1: raise L1.mlp.down_proj -> J=0.0614 bytes=4182499328
[02:18:01] [greedy_bias_aware] no improving feasible exchange at step 2; stop
[02:18:09]   scored 504/18514 candidate sequences
[02:18:10]   scored 1000/18514 candidate sequences
[02:18:12]   scored 1504/18514 candidate sequences
[02:18:13]   scored 2000/18514 candidate sequences
[02:18:14]   scored 2504/18514 candidate sequences
[02:18:15]   scored 3000/18514 candidate sequences
[02:18:16]   scored 3504/18514 candidate sequences
[02:18:17]   scored 4000/18514 candidate sequences
[02:18:19]   scored 4504/18514 candidate sequences
[02:18:20]   scored 5000/18514 candidate sequences
[02:18:22]   scored 5504/18514 candidate sequences
[02:18:23]   scored 6000/18514 candidate sequences
[02:18:24]   scored 6504/18514 candidate sequences
[02:18:26]   scored 7000/18514 candidate sequences
[02:18:27]   scored 7504/18514 candidate sequences
[02:18:28]   scored 8000/18514 candidate sequences
[02:18:30]   scored 8504/18514 candidate sequences
[02:18:31]   scored 9000/18514 candidate sequences
[02:18:33]   scored 9504/18514 candidate sequences
[02:18:34]   scored 10000/18514 candidate sequences
[02:18:36]   scored 10504/18514 candidate sequences
[02:18:38]   scored 11000/18514 candidate sequences
[02:18:40]   scored 11504/18514 candidate sequences
[02:18:41]   scored 12000/18514 candidate sequences
[02:18:43]   scored 12504/18514 candidate sequences
[02:18:45]   scored 13000/18514 candidate sequences
[02:18:47]   scored 13504/18514 candidate sequences
[02:18:50]   scored 14000/18514 candidate sequences
[02:18:52]   scored 14504/18514 candidate sequences
[02:18:55]   scored 15000/18514 candidate sequences
[02:18:58]   scored 15504/18514 candidate sequences
[02:19:01]   scored 16000/18514 candidate sequences
[02:19:04]   scored 16504/18514 candidate sequences
[02:19:07]   scored 17000/18514 candidate sequences
[02:19:11]   scored 17504/18514 candidate sequences
[02:19:14]   scored 18000/18514 candidate sequences
[02:19:18]   scored 18504/18514 candidate sequences
[02:19:24] final greedy_bias_aware: J=0.1048 H=0.1111 A=0.0000 acc=0.8199320498301246 ppl=6.33 bytes=4182499328
[02:19:30]   scored 504/18514 candidate sequences
[02:19:32]   scored 1000/18514 candidate sequences
[02:19:33]   scored 1504/18514 candidate sequences
[02:19:34]   scored 2000/18514 candidate sequences
[02:19:35]   scored 2504/18514 candidate sequences
[02:19:36]   scored 3000/18514 candidate sequences
[02:19:37]   scored 3504/18514 candidate sequences
[02:19:39]   scored 4000/18514 candidate sequences
[02:19:40]   scored 4504/18514 candidate sequences
[02:19:41]   scored 5000/18514 candidate sequences
[02:19:43]   scored 5504/18514 candidate sequences
[02:19:44]   scored 6000/18514 candidate sequences
[02:19:46]   scored 6504/18514 candidate sequences
[02:19:47]   scored 7000/18514 candidate sequences
[02:19:48]   scored 7504/18514 candidate sequences
[02:19:50]   scored 8000/18514 candidate sequences
[02:19:51]   scored 8504/18514 candidate sequences
[02:19:52]   scored 9000/18514 candidate sequences
[02:19:54]   scored 9504/18514 candidate sequences
[02:19:56]   scored 10000/18514 candidate sequences
[02:19:57]   scored 10504/18514 candidate sequences
[02:19:59]   scored 11000/18514 candidate sequences
[02:20:01]   scored 11504/18514 candidate sequences
[02:20:03]   scored 12000/18514 candidate sequences
[02:20:05]   scored 12504/18514 candidate sequences
[02:20:07]   scored 13000/18514 candidate sequences
[02:20:09]   scored 13504/18514 candidate sequences
[02:20:11]   scored 14000/18514 candidate sequences
[02:20:13]   scored 14504/18514 candidate sequences
[02:20:16]   scored 15000/18514 candidate sequences
[02:20:19]   scored 15504/18514 candidate sequences
[02:20:22]   scored 16000/18514 candidate sequences
[02:20:25]   scored 16504/18514 candidate sequences
[02:20:28]   scored 17000/18514 candidate sequences
[02:20:32]   scored 17504/18514 candidate sequences
[02:20:35]   scored 18000/18514 candidate sequences
[02:20:39]   scored 18504/18514 candidate sequences
[02:20:45] final uniform4: J=0.0902 H=0.1389 A=-0.0417 acc=0.8193657984144961 ppl=6.36 bytes=4150796288
[02:20:52]   scored 504/18514 candidate sequences
[02:20:53]   scored 1000/18514 candidate sequences
[02:20:54]   scored 1504/18514 candidate sequences
[02:20:56]   scored 2000/18514 candidate sequences
[02:20:57]   scored 2504/18514 candidate sequences
[02:20:58]   scored 3000/18514 candidate sequences
[02:20:59]   scored 3504/18514 candidate sequences
[02:21:00]   scored 4000/18514 candidate sequences
[02:21:02]   scored 4504/18514 candidate sequences
[02:21:03]   scored 5000/18514 candidate sequences
[02:21:04]   scored 5504/18514 candidate sequences
[02:21:06]   scored 6000/18514 candidate sequences
[02:21:07]   scored 6504/18514 candidate sequences
[02:21:08]   scored 7000/18514 candidate sequences
[02:21:10]   scored 7504/18514 candidate sequences
[02:21:11]   scored 8000/18514 candidate sequences
[02:21:12]   scored 8504/18514 candidate sequences
[02:21:14]   scored 9000/18514 candidate sequences
[02:21:16]   scored 9504/18514 candidate sequences
[02:21:17]   scored 10000/18514 candidate sequences
[02:21:19]   scored 10504/18514 candidate sequences
[02:21:21]   scored 11000/18514 candidate sequences
[02:21:23]   scored 11504/18514 candidate sequences
[02:21:24]   scored 12000/18514 candidate sequences
[02:21:26]   scored 12504/18514 candidate sequences
[02:21:28]   scored 13000/18514 candidate sequences
[02:21:30]   scored 13504/18514 candidate sequences
[02:21:32]   scored 14000/18514 candidate sequences
[02:21:35]   scored 14504/18514 candidate sequences
[02:21:38]   scored 15000/18514 candidate sequences
[02:21:41]   scored 15504/18514 candidate sequences
[02:21:44]   scored 16000/18514 candidate sequences
[02:21:47]   scored 16504/18514 candidate sequences
[02:21:50]   scored 17000/18514 candidate sequences
[02:21:53]   scored 17504/18514 candidate sequences
[02:21:57]   scored 18000/18514 candidate sequences
[02:22:01]   scored 18504/18514 candidate sequences
[02:22:06] final random: J=0.1193 H=0.1667 A=-0.0417 acc=0.8171007927519819 ppl=6.33 bytes=4565049344
[02:22:13]   scored 504/18514 candidate sequences
[02:22:14]   scored 1000/18514 candidate sequences
[02:22:16]   scored 1504/18514 candidate sequences
[02:22:17]   scored 2000/18514 candidate sequences
[02:22:18]   scored 2504/18514 candidate sequences
[02:22:19]   scored 3000/18514 candidate sequences
[02:22:20]   scored 3504/18514 candidate sequences
[02:22:22]   scored 4000/18514 candidate sequences
[02:22:23]   scored 4504/18514 candidate sequences
[02:22:24]   scored 5000/18514 candidate sequences
[02:22:26]   scored 5504/18514 candidate sequences
[02:22:27]   scored 6000/18514 candidate sequences
[02:22:28]   scored 6504/18514 candidate sequences
[02:22:30]   scored 7000/18514 candidate sequences
[02:22:31]   scored 7504/18514 candidate sequences
[02:22:32]   scored 8000/18514 candidate sequences
[02:22:34]   scored 8504/18514 candidate sequences
[02:22:35]   scored 9000/18514 candidate sequences
[02:22:37]   scored 9504/18514 candidate sequences
[02:22:39]   scored 10000/18514 candidate sequences
[02:22:40]   scored 10504/18514 candidate sequences
[02:22:42]   scored 11000/18514 candidate sequences
[02:22:44]   scored 11504/18514 candidate sequences
[02:22:46]   scored 12000/18514 candidate sequences
[02:22:47]   scored 12504/18514 candidate sequences
[02:22:49]   scored 13000/18514 candidate sequences
[02:22:51]   scored 13504/18514 candidate sequences
[02:22:54]   scored 14000/18514 candidate sequences
[02:22:56]   scored 14504/18514 candidate sequences
[02:22:59]   scored 15000/18514 candidate sequences
[02:23:02]   scored 15504/18514 candidate sequences
[02:23:05]   scored 16000/18514 candidate sequences
[02:23:08]   scored 16504/18514 candidate sequences
[02:23:11]   scored 17000/18514 candidate sequences
[02:23:15]   scored 17504/18514 candidate sequences
[02:23:18]   scored 18000/18514 candidate sequences
[02:23:22]   scored 18504/18514 candidate sequences
[02:23:28] final ppl_only: J=0.1349 H=0.1389 A=0.0000 acc=0.8284258210645526 ppl=6.29 bytes=4565049344
[02:23:35]   scored 504/18514 candidate sequences
[02:23:36]   scored 1000/18514 candidate sequences
[02:23:37]   scored 1504/18514 candidate sequences
[02:23:38]   scored 2000/18514 candidate sequences
[02:23:39]   scored 2504/18514 candidate sequences
[02:23:41]   scored 3000/18514 candidate sequences
[02:23:42]   scored 3504/18514 candidate sequences
[02:23:43]   scored 4000/18514 candidate sequences
[02:23:44]   scored 4504/18514 candidate sequences
[02:23:46]   scored 5000/18514 candidate sequences
[02:23:47]   scored 5504/18514 candidate sequences
[02:23:49]   scored 6000/18514 candidate sequences
[02:23:50]   scored 6504/18514 candidate sequences
[02:23:51]   scored 7000/18514 candidate sequences
[02:23:53]   scored 7504/18514 candidate sequences
[02:23:54]   scored 8000/18514 candidate sequences
[02:23:55]   scored 8504/18514 candidate sequences
[02:23:57]   scored 9000/18514 candidate sequences
[02:23:58]   scored 9504/18514 candidate sequences
[02:24:00]   scored 10000/18514 candidate sequences
[02:24:02]   scored 10504/18514 candidate sequences
[02:24:03]   scored 11000/18514 candidate sequences
[02:24:05]   scored 11504/18514 candidate sequences
[02:24:07]   scored 12000/18514 candidate sequences
[02:24:09]   scored 12504/18514 candidate sequences
[02:24:11]   scored 13000/18514 candidate sequences
[02:24:13]   scored 13504/18514 candidate sequences
[02:24:15]   scored 14000/18514 candidate sequences
[02:24:18]   scored 14504/18514 candidate sequences
[02:24:20]   scored 15000/18514 candidate sequences
[02:24:23]   scored 15504/18514 candidate sequences
[02:24:26]   scored 16000/18514 candidate sequences
[02:24:29]   scored 16504/18514 candidate sequences
[02:24:33]   scored 17000/18514 candidate sequences
[02:24:36]   scored 17504/18514 candidate sequences
[02:24:40]   scored 18000/18514 candidate sequences
[02:24:44]   scored 18504/18514 candidate sequences
[02:24:49] final margin_only: J=0.1062 H=0.1111 A=0.0000 acc=0.8261608154020385 ppl=6.30 bytes=4565049344
[02:24:50] === done in 6842s -> /workspace/Quant_Bias/quant-bias/results/e4/mistral_7b_v0_1 ===
