[02:24:57] === E4 model=M5 tag=qwen3_8b device=cuda seed=20260908 profile=budget ===
[02:24:57] Loading Qwen/Qwen3-8B@main (b968826d9c46dd6066d109eabc6255188de91218) dtype=torch.bfloat16 device=cuda
Loading weights:   0%|          | 0/399 [00:00<?, ?it/s]Loading weights: 100%|██████████| 399/399 [00:00<00:00, 12568.08it/s]
[02:25:00]   attention: flash_attention_2
[02:25:00]   flash_attention_2 failed a forward pass (NotImplementedError); reloading with sdpa
Loading weights:   0%|          | 0/399 [00:00<?, ?it/s]Loading weights: 100%|██████████| 399/399 [00:00<00:00, 10884.23it/s]
[02:25:12] BBQ: 7868 examples, 343 template clusters
[02:25:19] WinoBias: 3168 examples (0 skipped), 1584 sentence clusters
[02:25:20] Discrim-Eval[explicit]: 5250 examples, 70 decision questions
[02:25:20] E4 search set: 2506 of 5113 selection examples, ppl on 2048 tokens
[02:25:24]   scored 504/6404 candidate sequences
[02:25:26]   scored 1002/6404 candidate sequences
[02:25:28]   scored 1500/6404 candidate sequences
[02:25:30]   scored 2004/6404 candidate sequences
[02:25:32]   scored 2502/6404 candidate sequences
[02:25:34]   scored 3000/6404 candidate sequences
[02:25:37]   scored 3504/6404 candidate sequences
[02:25:39]   scored 4002/6404 candidate sequences
[02:25:41]   scored 4500/6404 candidate sequences
[02:25:44]   scored 5004/6404 candidate sequences
[02:25:47]   scored 5502/6404 candidate sequences
[02:25:50]   scored 6000/6404 candidate sequences
[02:26:00]   scored 504/18514 candidate sequences
[02:26:02]   scored 1002/18514 candidate sequences
[02:26:04]   scored 1500/18514 candidate sequences
[02:26:06]   scored 2004/18514 candidate sequences
[02:26:08]   scored 2502/18514 candidate sequences
[02:26:10]   scored 3000/18514 candidate sequences
[02:26:12]   scored 3504/18514 candidate sequences
[02:26:14]   scored 4002/18514 candidate sequences
[02:26:16]   scored 4500/18514 candidate sequences
[02:26:17]   scored 5004/18514 candidate sequences
[02:26:19]   scored 5502/18514 candidate sequences
[02:26:21]   scored 6000/18514 candidate sequences
[02:26:23]   scored 6504/18514 candidate sequences
[02:26:25]   scored 7002/18514 candidate sequences
[02:26:27]   scored 7500/18514 candidate sequences
[02:26:30]   scored 8004/18514 candidate sequences
[02:26:32]   scored 8502/18514 candidate sequences
[02:26:34]   scored 9000/18514 candidate sequences
[02:26:36]   scored 9504/18514 candidate sequences
[02:26:38]   scored 10002/18514 candidate sequences
[02:26:40]   scored 10500/18514 candidate sequences
[02:26:43]   scored 11004/18514 candidate sequences
[02:26:45]   scored 11502/18514 candidate sequences
[02:26:47]   scored 12000/18514 candidate sequences
[02:26:50]   scored 12504/18514 candidate sequences
[02:26:52]   scored 13002/18514 candidate sequences
[02:26:55]   scored 13500/18514 candidate sequences
[02:26:58]   scored 14004/18514 candidate sequences
[02:27:01]   scored 14502/18514 candidate sequences
[02:27:04]   scored 15000/18514 candidate sequences
[02:27:08]   scored 15504/18514 candidate sequences
[02:27:11]   scored 16002/18514 candidate sequences
[02:27:14]   scored 16500/18514 candidate sequences
[02:27:18]   scored 17004/18514 candidate sequences
[02:27:22]   scored 17502/18514 candidate sequences
[02:27:26]   scored 18000/18514 candidate sequences
[02:27:30]   scored 18504/18514 candidate sequences
[02:27:31] counterfactual pairs: 1707
[02:27:31] counterfactual pairs: 5326
[02:27:52]   scored 504/18514 candidate sequences
[02:27:54]   scored 1002/18514 candidate sequences
[02:27:56]   scored 1500/18514 candidate sequences
[02:27:58]   scored 2004/18514 candidate sequences
[02:28:00]   scored 2502/18514 candidate sequences
[02:28:02]   scored 3000/18514 candidate sequences
[02:28:04]   scored 3504/18514 candidate sequences
[02:28:06]   scored 4002/18514 candidate sequences
[02:28:08]   scored 4500/18514 candidate sequences
[02:28:10]   scored 5004/18514 candidate sequences
[02:28:12]   scored 5502/18514 candidate sequences
[02:28:14]   scored 6000/18514 candidate sequences
[02:28:16]   scored 6504/18514 candidate sequences
[02:28:18]   scored 7002/18514 candidate sequences
[02:28:20]   scored 7500/18514 candidate sequences
[02:28:22]   scored 8004/18514 candidate sequences
[02:28:24]   scored 8502/18514 candidate sequences
[02:28:26]   scored 9000/18514 candidate sequences
[02:28:28]   scored 9504/18514 candidate sequences
[02:28:31]   scored 10002/18514 candidate sequences
[02:28:33]   scored 10500/18514 candidate sequences
[02:28:35]   scored 11004/18514 candidate sequences
[02:28:37]   scored 11502/18514 candidate sequences
[02:28:40]   scored 12000/18514 candidate sequences
[02:28:42]   scored 12504/18514 candidate sequences
[02:28:45]   scored 13002/18514 candidate sequences
[02:28:47]   scored 13500/18514 candidate sequences
[02:28:50]   scored 14004/18514 candidate sequences
[02:28:53]   scored 14502/18514 candidate sequences
[02:28:57]   scored 15000/18514 candidate sequences
[02:29:00]   scored 15504/18514 candidate sequences
[02:29:03]   scored 16002/18514 candidate sequences
[02:29:06]   scored 16500/18514 candidate sequences
[02:29:10]   scored 17004/18514 candidate sequences
[02:29:14]   scored 17502/18514 candidate sequences
[02:29:18]   scored 18000/18514 candidate sequences
[02:29:23]   scored 18504/18514 candidate sequences
[02:29:28] restoration uniform4: J=0.2731 H=0.1667 acc=0.8640996602491506 bytes=6098479104
[02:29:37]   scored 504/18514 candidate sequences
[02:29:39]   scored 1002/18514 candidate sequences
[02:29:41]   scored 1500/18514 candidate sequences
[02:29:43]   scored 2004/18514 candidate sequences
[02:29:45]   scored 2502/18514 candidate sequences
[02:29:46]   scored 3000/18514 candidate sequences
[02:29:48]   scored 3504/18514 candidate sequences
[02:29:50]   scored 4002/18514 candidate sequences
[02:29:52]   scored 4500/18514 candidate sequences
[02:29:54]   scored 5004/18514 candidate sequences
[02:29:56]   scored 5502/18514 candidate sequences
[02:29:58]   scored 6000/18514 candidate sequences
[02:30:00]   scored 6504/18514 candidate sequences
[02:30:02]   scored 7002/18514 candidate sequences
[02:30:04]   scored 7500/18514 candidate sequences
[02:30:06]   scored 8004/18514 candidate sequences
[02:30:08]   scored 8502/18514 candidate sequences
[02:30:11]   scored 9000/18514 candidate sequences
[02:30:13]   scored 9504/18514 candidate sequences
[02:30:15]   scored 10002/18514 candidate sequences
[02:30:17]   scored 10500/18514 candidate sequences
[02:30:19]   scored 11004/18514 candidate sequences
[02:30:22]   scored 11502/18514 candidate sequences
[02:30:24]   scored 12000/18514 candidate sequences
[02:30:26]   scored 12504/18514 candidate sequences
[02:30:29]   scored 13002/18514 candidate sequences
[02:30:32]   scored 13500/18514 candidate sequences
[02:30:35]   scored 14004/18514 candidate sequences
[02:30:38]   scored 14502/18514 candidate sequences
[02:30:41]   scored 15000/18514 candidate sequences
[02:30:44]   scored 15504/18514 candidate sequences
[02:30:48]   scored 16002/18514 candidate sequences
[02:30:51]   scored 16500/18514 candidate sequences
[02:30:55]   scored 17004/18514 candidate sequences
[02:30:59]   scored 17502/18514 candidate sequences
[02:31:03]   scored 18000/18514 candidate sequences
[02:31:07]   scored 18504/18514 candidate sequences
[02:31:13] restoration restore_predicted: J=0.2052 H=0.1667 acc=0.8725934314835787 bytes=8097949696
[02:31:21]   scored 504/18514 candidate sequences
[02:31:23]   scored 1002/18514 candidate sequences
[02:31:25]   scored 1500/18514 candidate sequences
[02:31:27]   scored 2004/18514 candidate sequences
[02:31:29]   scored 2502/18514 candidate sequences
[02:31:31]   scored 3000/18514 candidate sequences
[02:31:33]   scored 3504/18514 candidate sequences
[02:31:34]   scored 4002/18514 candidate sequences
[02:31:36]   scored 4500/18514 candidate sequences
[02:31:38]   scored 5004/18514 candidate sequences
[02:31:40]   scored 5502/18514 candidate sequences
[02:31:42]   scored 6000/18514 candidate sequences
[02:31:44]   scored 6504/18514 candidate sequences
[02:31:46]   scored 7002/18514 candidate sequences
[02:31:48]   scored 7500/18514 candidate sequences
[02:31:51]   scored 8004/18514 candidate sequences
[02:31:53]   scored 8502/18514 candidate sequences
[02:31:55]   scored 9000/18514 candidate sequences
[02:31:57]   scored 9504/18514 candidate sequences
[02:31:59]   scored 10002/18514 candidate sequences
[02:32:01]   scored 10500/18514 candidate sequences
[02:32:04]   scored 11004/18514 candidate sequences
[02:32:06]   scored 11502/18514 candidate sequences
[02:32:08]   scored 12000/18514 candidate sequences
[02:32:11]   scored 12504/18514 candidate sequences
[02:32:13]   scored 13002/18514 candidate sequences
[02:32:16]   scored 13500/18514 candidate sequences
[02:32:19]   scored 14004/18514 candidate sequences
[02:32:22]   scored 14502/18514 candidate sequences
[02:32:25]   scored 15000/18514 candidate sequences
[02:32:28]   scored 15504/18514 candidate sequences
[02:32:32]   scored 16002/18514 candidate sequences
[02:32:35]   scored 16500/18514 candidate sequences
[02:32:39]   scored 17004/18514 candidate sequences
[02:32:43]   scored 17502/18514 candidate sequences
[02:32:47]   scored 18000/18514 candidate sequences
[02:32:51]   scored 18504/18514 candidate sequences
[02:32:57] restoration restore_random: J=0.2674 H=0.1667 acc=0.8754246885617214 bytes=7961339904
[02:33:05]   scored 504/18514 candidate sequences
[02:33:07]   scored 1002/18514 candidate sequences
[02:33:09]   scored 1500/18514 candidate sequences
[02:33:11]   scored 2004/18514 candidate sequences
[02:33:13]   scored 2502/18514 candidate sequences
[02:33:15]   scored 3000/18514 candidate sequences
[02:33:17]   scored 3504/18514 candidate sequences
[02:33:19]   scored 4002/18514 candidate sequences
[02:33:21]   scored 4500/18514 candidate sequences
[02:33:23]   scored 5004/18514 candidate sequences
[02:33:25]   scored 5502/18514 candidate sequences
[02:33:26]   scored 6000/18514 candidate sequences
[02:33:28]   scored 6504/18514 candidate sequences
[02:33:31]   scored 7002/18514 candidate sequences
[02:33:33]   scored 7500/18514 candidate sequences
[02:33:35]   scored 8004/18514 candidate sequences
[02:33:37]   scored 8502/18514 candidate sequences
[02:33:39]   scored 9000/18514 candidate sequences
[02:33:41]   scored 9504/18514 candidate sequences
[02:33:44]   scored 10002/18514 candidate sequences
[02:33:46]   scored 10500/18514 candidate sequences
[02:33:48]   scored 11004/18514 candidate sequences
[02:33:50]   scored 11502/18514 candidate sequences
[02:33:53]   scored 12000/18514 candidate sequences
[02:33:55]   scored 12504/18514 candidate sequences
[02:33:58]   scored 13002/18514 candidate sequences
[02:34:00]   scored 13500/18514 candidate sequences
[02:34:03]   scored 14004/18514 candidate sequences
[02:34:06]   scored 14502/18514 candidate sequences
[02:34:10]   scored 15000/18514 candidate sequences
[02:34:13]   scored 15504/18514 candidate sequences
[02:34:16]   scored 16002/18514 candidate sequences
[02:34:19]   scored 16500/18514 candidate sequences
[02:34:23]   scored 17004/18514 candidate sequences
[02:34:27]   scored 17502/18514 candidate sequences
[02:34:31]   scored 18000/18514 candidate sequences
[02:34:36]   scored 18504/18514 candidate sequences
[02:34:41] restoration restore_utility: J=0.2576 H=0.1667 acc=0.8703284258210645 bytes=8172464128
[02:34:46]   scored 504/6404 candidate sequences
[02:34:48]   scored 1002/6404 candidate sequences
[02:34:50]   scored 1500/6404 candidate sequences
[02:34:52]   scored 2004/6404 candidate sequences
[02:34:54]   scored 2502/6404 candidate sequences
[02:34:56]   scored 3000/6404 candidate sequences
[02:34:59]   scored 3504/6404 candidate sequences
[02:35:01]   scored 4002/6404 candidate sequences
[02:35:03]   scored 4500/6404 candidate sequences
[02:35:06]   scored 5004/6404 candidate sequences
[02:35:09]   scored 5502/6404 candidate sequences
[02:35:12]   scored 6000/6404 candidate sequences
[02:35:24]   scored 504/6404 candidate sequences
[02:35:26]   scored 1002/6404 candidate sequences
[02:35:28]   scored 1500/6404 candidate sequences
[02:35:30]   scored 2004/6404 candidate sequences
[02:35:32]   scored 2502/6404 candidate sequences
[02:35:34]   scored 3000/6404 candidate sequences
[02:35:37]   scored 3504/6404 candidate sequences
[02:35:39]   scored 4002/6404 candidate sequences
[02:35:41]   scored 4500/6404 candidate sequences
[02:35:44]   scored 5004/6404 candidate sequences
[02:35:47]   scored 5502/6404 candidate sequences
[02:35:50]   scored 6000/6404 candidate sequences
[02:35:57] [greedy_bias_aware] start J=0.1127 bytes=6098479104 budget=6708327014
[02:36:03]   scored 504/6404 candidate sequences
[02:36:04]   scored 1002/6404 candidate sequences
[02:36:06]   scored 1500/6404 candidate sequences
[02:36:08]   scored 2004/6404 candidate sequences
[02:36:10]   scored 2502/6404 candidate sequences
[02:36:13]   scored 3000/6404 candidate sequences
[02:36:15]   scored 3504/6404 candidate sequences
[02:36:17]   scored 4002/6404 candidate sequences
[02:36:19]   scored 4500/6404 candidate sequences
[02:36:22]   scored 5004/6404 candidate sequences
[02:36:25]   scored 5502/6404 candidate sequences
[02:36:28]   scored 6000/6404 candidate sequences
[02:36:41]   scored 504/6404 candidate sequences
[02:36:43]   scored 1002/6404 candidate sequences
[02:36:45]   scored 1500/6404 candidate sequences
[02:36:46]   scored 2004/6404 candidate sequences
[02:36:49]   scored 2502/6404 candidate sequences
[02:36:51]   scored 3000/6404 candidate sequences
[02:36:53]   scored 3504/6404 candidate sequences
[02:36:55]   scored 4002/6404 candidate sequences
[02:36:57]   scored 4500/6404 candidate sequences
[02:37:00]   scored 5004/6404 candidate sequences
[02:37:03]   scored 5502/6404 candidate sequences
[02:37:07]   scored 6000/6404 candidate sequences
[02:37:19]   scored 504/6404 candidate sequences
[02:37:21]   scored 1002/6404 candidate sequences
[02:37:23]   scored 1500/6404 candidate sequences
[02:37:25]   scored 2004/6404 candidate sequences
[02:37:27]   scored 2502/6404 candidate sequences
[02:37:29]   scored 3000/6404 candidate sequences
[02:37:31]   scored 3504/6404 candidate sequences
[02:37:33]   scored 4002/6404 candidate sequences
[02:37:36]   scored 4500/6404 candidate sequences
[02:37:38]   scored 5004/6404 candidate sequences
[02:37:41]   scored 5502/6404 candidate sequences
[02:37:45]   scored 6000/6404 candidate sequences
[02:37:57]   scored 504/6404 candidate sequences
[02:37:59]   scored 1002/6404 candidate sequences
[02:38:01]   scored 1500/6404 candidate sequences
[02:38:03]   scored 2004/6404 candidate sequences
[02:38:05]   scored 2502/6404 candidate sequences
[02:38:07]   scored 3000/6404 candidate sequences
[02:38:09]   scored 3504/6404 candidate sequences
[02:38:11]   scored 4002/6404 candidate sequences
[02:38:14]   scored 4500/6404 candidate sequences
[02:38:16]   scored 5004/6404 candidate sequences
[02:38:19]   scored 5502/6404 candidate sequences
[02:38:23]   scored 6000/6404 candidate sequences
[02:38:35]   scored 504/6404 candidate sequences
[02:38:37]   scored 1002/6404 candidate sequences
[02:38:39]   scored 1500/6404 candidate sequences
[02:38:41]   scored 2004/6404 candidate sequences
[02:38:43]   scored 2502/6404 candidate sequences
[02:38:45]   scored 3000/6404 candidate sequences
[02:38:47]   scored 3504/6404 candidate sequences
[02:38:49]   scored 4002/6404 candidate sequences
[02:38:52]   scored 4500/6404 candidate sequences
[02:38:54]   scored 5004/6404 candidate sequences
[02:38:57]   scored 5502/6404 candidate sequences
[02:39:01]   scored 6000/6404 candidate sequences
[02:39:13]   scored 504/6404 candidate sequences
[02:39:15]   scored 1002/6404 candidate sequences
[02:39:17]   scored 1500/6404 candidate sequences
[02:39:19]   scored 2004/6404 candidate sequences
[02:39:21]   scored 2502/6404 candidate sequences
[02:39:23]   scored 3000/6404 candidate sequences
[02:39:25]   scored 3504/6404 candidate sequences
[02:39:27]   scored 4002/6404 candidate sequences
[02:39:30]   scored 4500/6404 candidate sequences
[02:39:32]   scored 5004/6404 candidate sequences
[02:39:35]   scored 5502/6404 candidate sequences
[02:39:39]   scored 6000/6404 candidate sequences
[02:39:51]   scored 504/6404 candidate sequences
[02:39:53]   scored 1002/6404 candidate sequences
[02:39:55]   scored 1500/6404 candidate sequences
[02:39:57]   scored 2004/6404 candidate sequences
[02:39:59]   scored 2502/6404 candidate sequences
[02:40:01]   scored 3000/6404 candidate sequences
[02:40:03]   scored 3504/6404 candidate sequences
[02:40:05]   scored 4002/6404 candidate sequences
[02:40:08]   scored 4500/6404 candidate sequences
[02:40:10]   scored 5004/6404 candidate sequences
[02:40:13]   scored 5502/6404 candidate sequences
[02:40:17]   scored 6000/6404 candidate sequences
[02:40:29]   scored 504/6404 candidate sequences
[02:40:31]   scored 1002/6404 candidate sequences
[02:40:33]   scored 1500/6404 candidate sequences
[02:40:35]   scored 2004/6404 candidate sequences
[02:40:37]   scored 2502/6404 candidate sequences
[02:40:39]   scored 3000/6404 candidate sequences
[02:40:41]   scored 3504/6404 candidate sequences
[02:40:43]   scored 4002/6404 candidate sequences
[02:40:46]   scored 4500/6404 candidate sequences
[02:40:48]   scored 5004/6404 candidate sequences
[02:40:51]   scored 5502/6404 candidate sequences
[02:40:55]   scored 6000/6404 candidate sequences
[02:41:07]   scored 504/6404 candidate sequences
[02:41:09]   scored 1002/6404 candidate sequences
[02:41:11]   scored 1500/6404 candidate sequences
[02:41:13]   scored 2004/6404 candidate sequences
[02:41:15]   scored 2502/6404 candidate sequences
[02:41:17]   scored 3000/6404 candidate sequences
[02:41:19]   scored 3504/6404 candidate sequences
[02:41:21]   scored 4002/6404 candidate sequences
[02:41:24]   scored 4500/6404 candidate sequences
[02:41:26]   scored 5004/6404 candidate sequences
[02:41:30]   scored 5502/6404 candidate sequences
[02:41:33]   scored 6000/6404 candidate sequences
[02:41:45]   scored 504/6404 candidate sequences
[02:41:47]   scored 1002/6404 candidate sequences
[02:41:49]   scored 1500/6404 candidate sequences
[02:41:51]   scored 2004/6404 candidate sequences
[02:41:53]   scored 2502/6404 candidate sequences
[02:41:55]   scored 3000/6404 candidate sequences
[02:41:57]   scored 3504/6404 candidate sequences
[02:42:00]   scored 4002/6404 candidate sequences
[02:42:02]   scored 4500/6404 candidate sequences
[02:42:05]   scored 5004/6404 candidate sequences
[02:42:08]   scored 5502/6404 candidate sequences
[02:42:11]   scored 6000/6404 candidate sequences
[02:42:23]   scored 504/6404 candidate sequences
[02:42:25]   scored 1002/6404 candidate sequences
[02:42:27]   scored 1500/6404 candidate sequences
[02:42:29]   scored 2004/6404 candidate sequences
[02:42:31]   scored 2502/6404 candidate sequences
[02:42:33]   scored 3000/6404 candidate sequences
[02:42:35]   scored 3504/6404 candidate sequences
[02:42:38]   scored 4002/6404 candidate sequences
[02:42:40]   scored 4500/6404 candidate sequences
[02:42:43]   scored 5004/6404 candidate sequences
[02:42:46]   scored 5502/6404 candidate sequences
[02:42:49]   scored 6000/6404 candidate sequences
[02:43:01]   scored 504/6404 candidate sequences
[02:43:03]   scored 1002/6404 candidate sequences
[02:43:05]   scored 1500/6404 candidate sequences
[02:43:07]   scored 2004/6404 candidate sequences
[02:43:09]   scored 2502/6404 candidate sequences
[02:43:11]   scored 3000/6404 candidate sequences
[02:43:13]   scored 3504/6404 candidate sequences
[02:43:16]   scored 4002/6404 candidate sequences
[02:43:18]   scored 4500/6404 candidate sequences
[02:43:21]   scored 5004/6404 candidate sequences
[02:43:24]   scored 5502/6404 candidate sequences
[02:43:27]   scored 6000/6404 candidate sequences
[02:43:39]   scored 504/6404 candidate sequences
[02:43:41]   scored 1002/6404 candidate sequences
[02:43:43]   scored 1500/6404 candidate sequences
[02:43:45]   scored 2004/6404 candidate sequences
[02:43:47]   scored 2502/6404 candidate sequences
[02:43:49]   scored 3000/6404 candidate sequences
[02:43:51]   scored 3504/6404 candidate sequences
[02:43:54]   scored 4002/6404 candidate sequences
[02:43:56]   scored 4500/6404 candidate sequences
[02:43:59]   scored 5004/6404 candidate sequences
[02:44:02]   scored 5502/6404 candidate sequences
[02:44:05]   scored 6000/6404 candidate sequences
[02:44:17]   scored 504/6404 candidate sequences
[02:44:19]   scored 1002/6404 candidate sequences
[02:44:21]   scored 1500/6404 candidate sequences
[02:44:23]   scored 2004/6404 candidate sequences
[02:44:25]   scored 2502/6404 candidate sequences
[02:44:27]   scored 3000/6404 candidate sequences
[02:44:29]   scored 3504/6404 candidate sequences
[02:44:32]   scored 4002/6404 candidate sequences
[02:44:34]   scored 4500/6404 candidate sequences
[02:44:37]   scored 5004/6404 candidate sequences
[02:44:40]   scored 5502/6404 candidate sequences
[02:44:43]   scored 6000/6404 candidate sequences
[02:44:55]   scored 504/6404 candidate sequences
[02:44:57]   scored 1002/6404 candidate sequences
[02:44:59]   scored 1500/6404 candidate sequences
[02:45:01]   scored 2004/6404 candidate sequences
[02:45:03]   scored 2502/6404 candidate sequences
[02:45:05]   scored 3000/6404 candidate sequences
[02:45:07]   scored 3504/6404 candidate sequences
[02:45:10]   scored 4002/6404 candidate sequences
[02:45:12]   scored 4500/6404 candidate sequences
[02:45:15]   scored 5004/6404 candidate sequences
[02:45:18]   scored 5502/6404 candidate sequences
[02:45:21]   scored 6000/6404 candidate sequences
[02:45:33]   scored 504/6404 candidate sequences
[02:45:35]   scored 1002/6404 candidate sequences
[02:45:36]   scored 1500/6404 candidate sequences
[02:45:38]   scored 2004/6404 candidate sequences
[02:45:40]   scored 2502/6404 candidate sequences
[02:45:43]   scored 3000/6404 candidate sequences
[02:45:45]   scored 3504/6404 candidate sequences
[02:45:47]   scored 4002/6404 candidate sequences
[02:45:49]   scored 4500/6404 candidate sequences
[02:45:52]   scored 5004/6404 candidate sequences
[02:45:55]   scored 5502/6404 candidate sequences
[02:45:59]   scored 6000/6404 candidate sequences
[02:46:11]   scored 504/6404 candidate sequences
[02:46:13]   scored 1002/6404 candidate sequences
[02:46:15]   scored 1500/6404 candidate sequences
[02:46:17]   scored 2004/6404 candidate sequences
[02:46:19]   scored 2502/6404 candidate sequences
[02:46:21]   scored 3000/6404 candidate sequences
[02:46:23]   scored 3504/6404 candidate sequences
[02:46:25]   scored 4002/6404 candidate sequences
[02:46:28]   scored 4500/6404 candidate sequences
[02:46:30]   scored 5004/6404 candidate sequences
[02:46:33]   scored 5502/6404 candidate sequences
[02:46:37]   scored 6000/6404 candidate sequences
[02:46:49]   scored 504/6404 candidate sequences
[02:46:51]   scored 1002/6404 candidate sequences
[02:46:53]   scored 1500/6404 candidate sequences
[02:46:55]   scored 2004/6404 candidate sequences
[02:46:57]   scored 2502/6404 candidate sequences
[02:46:59]   scored 3000/6404 candidate sequences
[02:47:01]   scored 3504/6404 candidate sequences
[02:47:03]   scored 4002/6404 candidate sequences
[02:47:06]   scored 4500/6404 candidate sequences
[02:47:08]   scored 5004/6404 candidate sequences
[02:47:11]   scored 5502/6404 candidate sequences
[02:47:15]   scored 6000/6404 candidate sequences
[02:47:27]   scored 504/6404 candidate sequences
[02:47:29]   scored 1002/6404 candidate sequences
[02:47:31]   scored 1500/6404 candidate sequences
[02:47:33]   scored 2004/6404 candidate sequences
[02:47:35]   scored 2502/6404 candidate sequences
[02:47:37]   scored 3000/6404 candidate sequences
[02:47:39]   scored 3504/6404 candidate sequences
[02:47:41]   scored 4002/6404 candidate sequences
[02:47:44]   scored 4500/6404 candidate sequences
[02:47:46]   scored 5004/6404 candidate sequences
[02:47:49]   scored 5502/6404 candidate sequences
[02:47:53]   scored 6000/6404 candidate sequences
[02:48:05]   scored 504/6404 candidate sequences
[02:48:07]   scored 1002/6404 candidate sequences
[02:48:09]   scored 1500/6404 candidate sequences
[02:48:11]   scored 2004/6404 candidate sequences
[02:48:13]   scored 2502/6404 candidate sequences
[02:48:15]   scored 3000/6404 candidate sequences
[02:48:17]   scored 3504/6404 candidate sequences
[02:48:19]   scored 4002/6404 candidate sequences
[02:48:22]   scored 4500/6404 candidate sequences
[02:48:24]   scored 5004/6404 candidate sequences
[02:48:28]   scored 5502/6404 candidate sequences
[02:48:31]   scored 6000/6404 candidate sequences
[02:48:43]   scored 504/6404 candidate sequences
[02:48:45]   scored 1002/6404 candidate sequences
[02:48:47]   scored 1500/6404 candidate sequences
[02:48:49]   scored 2004/6404 candidate sequences
[02:48:51]   scored 2502/6404 candidate sequences
[02:48:53]   scored 3000/6404 candidate sequences
[02:48:55]   scored 3504/6404 candidate sequences
[02:48:57]   scored 4002/6404 candidate sequences
[02:49:00]   scored 4500/6404 candidate sequences
[02:49:02]   scored 5004/6404 candidate sequences
[02:49:05]   scored 5502/6404 candidate sequences
[02:49:09]   scored 6000/6404 candidate sequences
[02:49:21]   scored 504/6404 candidate sequences
[02:49:23]   scored 1002/6404 candidate sequences
[02:49:25]   scored 1500/6404 candidate sequences
[02:49:27]   scored 2004/6404 candidate sequences
[02:49:29]   scored 2502/6404 candidate sequences
[02:49:31]   scored 3000/6404 candidate sequences
[02:49:33]   scored 3504/6404 candidate sequences
[02:49:35]   scored 4002/6404 candidate sequences
[02:49:38]   scored 4500/6404 candidate sequences
[02:49:40]   scored 5004/6404 candidate sequences
[02:49:43]   scored 5502/6404 candidate sequences
[02:49:47]   scored 6000/6404 candidate sequences
[02:49:59]   scored 504/6404 candidate sequences
[02:50:01]   scored 1002/6404 candidate sequences
[02:50:03]   scored 1500/6404 candidate sequences
[02:50:05]   scored 2004/6404 candidate sequences
[02:50:07]   scored 2502/6404 candidate sequences
[02:50:09]   scored 3000/6404 candidate sequences
[02:50:11]   scored 3504/6404 candidate sequences
[02:50:13]   scored 4002/6404 candidate sequences
[02:50:16]   scored 4500/6404 candidate sequences
[02:50:18]   scored 5004/6404 candidate sequences
[02:50:21]   scored 5502/6404 candidate sequences
[02:50:25]   scored 6000/6404 candidate sequences
[02:50:37]   scored 504/6404 candidate sequences
[02:50:39]   scored 1002/6404 candidate sequences
[02:50:41]   scored 1500/6404 candidate sequences
[02:50:43]   scored 2004/6404 candidate sequences
[02:50:45]   scored 2502/6404 candidate sequences
[02:50:47]   scored 3000/6404 candidate sequences
[02:50:49]   scored 3504/6404 candidate sequences
[02:50:51]   scored 4002/6404 candidate sequences
[02:50:54]   scored 4500/6404 candidate sequences
[02:50:56]   scored 5004/6404 candidate sequences
[02:50:59]   scored 5502/6404 candidate sequences
[02:51:03]   scored 6000/6404 candidate sequences
[02:51:15]   scored 504/6404 candidate sequences
[02:51:17]   scored 1002/6404 candidate sequences
[02:51:19]   scored 1500/6404 candidate sequences
[02:51:21]   scored 2004/6404 candidate sequences
[02:51:23]   scored 2502/6404 candidate sequences
[02:51:25]   scored 3000/6404 candidate sequences
[02:51:27]   scored 3504/6404 candidate sequences
[02:51:30]   scored 4002/6404 candidate sequences
[02:51:32]   scored 4500/6404 candidate sequences
[02:51:35]   scored 5004/6404 candidate sequences
[02:51:38]   scored 5502/6404 candidate sequences
[02:51:41]   scored 6000/6404 candidate sequences
[02:51:53]   scored 504/6404 candidate sequences
[02:51:55]   scored 1002/6404 candidate sequences
[02:51:57]   scored 1500/6404 candidate sequences
[02:51:59]   scored 2004/6404 candidate sequences
[02:52:01]   scored 2502/6404 candidate sequences
[02:52:03]   scored 3000/6404 candidate sequences
[02:52:05]   scored 3504/6404 candidate sequences
[02:52:08]   scored 4002/6404 candidate sequences
[02:52:10]   scored 4500/6404 candidate sequences
[02:52:13]   scored 5004/6404 candidate sequences
[02:52:16]   scored 5502/6404 candidate sequences
[02:52:19]   scored 6000/6404 candidate sequences
[02:52:31]   scored 504/6404 candidate sequences
[02:52:33]   scored 1002/6404 candidate sequences
[02:52:35]   scored 1500/6404 candidate sequences
[02:52:37]   scored 2004/6404 candidate sequences
[02:52:39]   scored 2502/6404 candidate sequences
[02:52:41]   scored 3000/6404 candidate sequences
[02:52:43]   scored 3504/6404 candidate sequences
[02:52:46]   scored 4002/6404 candidate sequences
[02:52:48]   scored 4500/6404 candidate sequences
[02:52:51]   scored 5004/6404 candidate sequences
[02:52:54]   scored 5502/6404 candidate sequences
[02:52:57]   scored 6000/6404 candidate sequences
[02:53:09]   scored 504/6404 candidate sequences
[02:53:11]   scored 1002/6404 candidate sequences
[02:53:13]   scored 1500/6404 candidate sequences
[02:53:15]   scored 2004/6404 candidate sequences
[02:53:17]   scored 2502/6404 candidate sequences
[02:53:19]   scored 3000/6404 candidate sequences
[02:53:21]   scored 3504/6404 candidate sequences
[02:53:24]   scored 4002/6404 candidate sequences
[02:53:26]   scored 4500/6404 candidate sequences
[02:53:29]   scored 5004/6404 candidate sequences
[02:53:32]   scored 5502/6404 candidate sequences
[02:53:35]   scored 6000/6404 candidate sequences
[02:53:47]   scored 504/6404 candidate sequences
[02:53:49]   scored 1002/6404 candidate sequences
[02:53:51]   scored 1500/6404 candidate sequences
[02:53:53]   scored 2004/6404 candidate sequences
[02:53:55]   scored 2502/6404 candidate sequences
[02:53:57]   scored 3000/6404 candidate sequences
[02:53:59]   scored 3504/6404 candidate sequences
[02:54:02]   scored 4002/6404 candidate sequences
[02:54:04]   scored 4500/6404 candidate sequences
[02:54:07]   scored 5004/6404 candidate sequences
[02:54:10]   scored 5502/6404 candidate sequences
[02:54:13]   scored 6000/6404 candidate sequences
[02:54:25]   scored 504/6404 candidate sequences
[02:54:27]   scored 1002/6404 candidate sequences
[02:54:29]   scored 1500/6404 candidate sequences
[02:54:31]   scored 2004/6404 candidate sequences
[02:54:33]   scored 2502/6404 candidate sequences
[02:54:35]   scored 3000/6404 candidate sequences
[02:54:37]   scored 3504/6404 candidate sequences
[02:54:40]   scored 4002/6404 candidate sequences
[02:54:42]   scored 4500/6404 candidate sequences
[02:54:45]   scored 5004/6404 candidate sequences
[02:54:48]   scored 5502/6404 candidate sequences
[02:54:51]   scored 6000/6404 candidate sequences
[02:55:03]   scored 504/6404 candidate sequences
[02:55:05]   scored 1002/6404 candidate sequences
[02:55:07]   scored 1500/6404 candidate sequences
[02:55:09]   scored 2004/6404 candidate sequences
[02:55:11]   scored 2502/6404 candidate sequences
[02:55:13]   scored 3000/6404 candidate sequences
[02:55:16]   scored 3504/6404 candidate sequences
[02:55:18]   scored 4002/6404 candidate sequences
[02:55:20]   scored 4500/6404 candidate sequences
[02:55:23]   scored 5004/6404 candidate sequences
[02:55:26]   scored 5502/6404 candidate sequences
[02:55:29]   scored 6000/6404 candidate sequences
[02:55:41]   scored 504/6404 candidate sequences
[02:55:43]   scored 1002/6404 candidate sequences
[02:55:45]   scored 1500/6404 candidate sequences
[02:55:47]   scored 2004/6404 candidate sequences
[02:55:49]   scored 2502/6404 candidate sequences
[02:55:51]   scored 3000/6404 candidate sequences
[02:55:54]   scored 3504/6404 candidate sequences
[02:55:56]   scored 4002/6404 candidate sequences
[02:55:58]   scored 4500/6404 candidate sequences
[02:56:01]   scored 5004/6404 candidate sequences
[02:56:04]   scored 5502/6404 candidate sequences
[02:56:07]   scored 6000/6404 candidate sequences
[02:56:20]   scored 504/6404 candidate sequences
[02:56:21]   scored 1002/6404 candidate sequences
[02:56:23]   scored 1500/6404 candidate sequences
[02:56:25]   scored 2004/6404 candidate sequences
[02:56:27]   scored 2502/6404 candidate sequences
[02:56:30]   scored 3000/6404 candidate sequences
[02:56:32]   scored 3504/6404 candidate sequences
[02:56:34]   scored 4002/6404 candidate sequences
[02:56:36]   scored 4500/6404 candidate sequences
[02:56:39]   scored 5004/6404 candidate sequences
[02:56:42]   scored 5502/6404 candidate sequences
[02:56:45]   scored 6000/6404 candidate sequences
[02:56:58]   scored 504/6404 candidate sequences
[02:56:59]   scored 1002/6404 candidate sequences
[02:57:01]   scored 1500/6404 candidate sequences
[02:57:03]   scored 2004/6404 candidate sequences
[02:57:05]   scored 2502/6404 candidate sequences
[02:57:08]   scored 3000/6404 candidate sequences
[02:57:10]   scored 3504/6404 candidate sequences
[02:57:12]   scored 4002/6404 candidate sequences
[02:57:14]   scored 4500/6404 candidate sequences
[02:57:17]   scored 5004/6404 candidate sequences
[02:57:20]   scored 5502/6404 candidate sequences
[02:57:23]   scored 6000/6404 candidate sequences
[02:57:36]   scored 504/6404 candidate sequences
[02:57:37]   scored 1002/6404 candidate sequences
[02:57:39]   scored 1500/6404 candidate sequences
[02:57:41]   scored 2004/6404 candidate sequences
[02:57:43]   scored 2502/6404 candidate sequences
[02:57:46]   scored 3000/6404 candidate sequences
[02:57:48]   scored 3504/6404 candidate sequences
[02:57:50]   scored 4002/6404 candidate sequences
[02:57:52]   scored 4500/6404 candidate sequences
[02:57:55]   scored 5004/6404 candidate sequences
[02:57:58]   scored 5502/6404 candidate sequences
[02:58:01]   scored 6000/6404 candidate sequences
[02:58:14]   scored 504/6404 candidate sequences
[02:58:16]   scored 1002/6404 candidate sequences
[02:58:17]   scored 1500/6404 candidate sequences
[02:58:19]   scored 2004/6404 candidate sequences
[02:58:21]   scored 2502/6404 candidate sequences
[02:58:24]   scored 3000/6404 candidate sequences
[02:58:26]   scored 3504/6404 candidate sequences
[02:58:28]   scored 4002/6404 candidate sequences
[02:58:30]   scored 4500/6404 candidate sequences
[02:58:33]   scored 5004/6404 candidate sequences
[02:58:36]   scored 5502/6404 candidate sequences
[02:58:39]   scored 6000/6404 candidate sequences
[02:58:51]   scored 504/6404 candidate sequences
[02:58:53]   scored 1002/6404 candidate sequences
[02:58:55]   scored 1500/6404 candidate sequences
[02:58:57]   scored 2004/6404 candidate sequences
[02:58:59]   scored 2502/6404 candidate sequences
[02:59:01]   scored 3000/6404 candidate sequences
[02:59:03]   scored 3504/6404 candidate sequences
[02:59:05]   scored 4002/6404 candidate sequences
[02:59:08]   scored 4500/6404 candidate sequences
[02:59:10]   scored 5004/6404 candidate sequences
[02:59:13]   scored 5502/6404 candidate sequences
[02:59:17]   scored 6000/6404 candidate sequences
[02:59:29]   scored 504/6404 candidate sequences
[02:59:31]   scored 1002/6404 candidate sequences
[02:59:33]   scored 1500/6404 candidate sequences
[02:59:35]   scored 2004/6404 candidate sequences
[02:59:37]   scored 2502/6404 candidate sequences
[02:59:39]   scored 3000/6404 candidate sequences
[02:59:41]   scored 3504/6404 candidate sequences
[02:59:43]   scored 4002/6404 candidate sequences
[02:59:46]   scored 4500/6404 candidate sequences
[02:59:48]   scored 5004/6404 candidate sequences
[02:59:51]   scored 5502/6404 candidate sequences
[02:59:55]   scored 6000/6404 candidate sequences
[03:00:07]   scored 504/6404 candidate sequences
[03:00:09]   scored 1002/6404 candidate sequences
[03:00:11]   scored 1500/6404 candidate sequences
[03:00:13]   scored 2004/6404 candidate sequences
[03:00:15]   scored 2502/6404 candidate sequences
[03:00:17]   scored 3000/6404 candidate sequences
[03:00:19]   scored 3504/6404 candidate sequences
[03:00:22]   scored 4002/6404 candidate sequences
[03:00:24]   scored 4500/6404 candidate sequences
[03:00:27]   scored 5004/6404 candidate sequences
[03:00:30]   scored 5502/6404 candidate sequences
[03:00:33]   scored 6000/6404 candidate sequences
[03:00:45]   scored 504/6404 candidate sequences
[03:00:47]   scored 1002/6404 candidate sequences
[03:00:49]   scored 1500/6404 candidate sequences
[03:00:51]   scored 2004/6404 candidate sequences
[03:00:53]   scored 2502/6404 candidate sequences
[03:00:55]   scored 3000/6404 candidate sequences
[03:00:58]   scored 3504/6404 candidate sequences
[03:01:00]   scored 4002/6404 candidate sequences
[03:01:02]   scored 4500/6404 candidate sequences
[03:01:05]   scored 5004/6404 candidate sequences
[03:01:08]   scored 5502/6404 candidate sequences
[03:01:11]   scored 6000/6404 candidate sequences
[03:01:23]   scored 504/6404 candidate sequences
[03:01:25]   scored 1002/6404 candidate sequences
[03:01:27]   scored 1500/6404 candidate sequences
[03:01:29]   scored 2004/6404 candidate sequences
[03:01:31]   scored 2502/6404 candidate sequences
[03:01:33]   scored 3000/6404 candidate sequences
[03:01:36]   scored 3504/6404 candidate sequences
[03:01:38]   scored 4002/6404 candidate sequences
[03:01:40]   scored 4500/6404 candidate sequences
[03:01:43]   scored 5004/6404 candidate sequences
[03:01:46]   scored 5502/6404 candidate sequences
[03:01:49]   scored 6000/6404 candidate sequences
[03:02:01]   scored 504/6404 candidate sequences
[03:02:03]   scored 1002/6404 candidate sequences
[03:02:05]   scored 1500/6404 candidate sequences
[03:02:07]   scored 2004/6404 candidate sequences
[03:02:09]   scored 2502/6404 candidate sequences
[03:02:11]   scored 3000/6404 candidate sequences
[03:02:14]   scored 3504/6404 candidate sequences
[03:02:16]   scored 4002/6404 candidate sequences
[03:02:18]   scored 4500/6404 candidate sequences
[03:02:21]   scored 5004/6404 candidate sequences
[03:02:24]   scored 5502/6404 candidate sequences
[03:02:27]   scored 6000/6404 candidate sequences
[03:02:39]   scored 504/6404 candidate sequences
[03:02:41]   scored 1002/6404 candidate sequences
[03:02:43]   scored 1500/6404 candidate sequences
[03:02:45]   scored 2004/6404 candidate sequences
[03:02:47]   scored 2502/6404 candidate sequences
[03:02:49]   scored 3000/6404 candidate sequences
[03:02:52]   scored 3504/6404 candidate sequences
[03:02:54]   scored 4002/6404 candidate sequences
[03:02:56]   scored 4500/6404 candidate sequences
[03:02:59]   scored 5004/6404 candidate sequences
[03:03:02]   scored 5502/6404 candidate sequences
[03:03:05]   scored 6000/6404 candidate sequences
[03:03:17]   scored 504/6404 candidate sequences
[03:03:19]   scored 1002/6404 candidate sequences
[03:03:21]   scored 1500/6404 candidate sequences
[03:03:23]   scored 2004/6404 candidate sequences
[03:03:25]   scored 2502/6404 candidate sequences
[03:03:27]   scored 3000/6404 candidate sequences
[03:03:30]   scored 3504/6404 candidate sequences
[03:03:32]   scored 4002/6404 candidate sequences
[03:03:34]   scored 4500/6404 candidate sequences
[03:03:37]   scored 5004/6404 candidate sequences
[03:03:40]   scored 5502/6404 candidate sequences
[03:03:43]   scored 6000/6404 candidate sequences
[03:03:55]   scored 504/6404 candidate sequences
[03:03:57]   scored 1002/6404 candidate sequences
[03:03:59]   scored 1500/6404 candidate sequences
[03:04:01]   scored 2004/6404 candidate sequences
[03:04:03]   scored 2502/6404 candidate sequences
[03:04:05]   scored 3000/6404 candidate sequences
[03:04:08]   scored 3504/6404 candidate sequences
[03:04:10]   scored 4002/6404 candidate sequences
[03:04:12]   scored 4500/6404 candidate sequences
[03:04:15]   scored 5004/6404 candidate sequences
[03:04:18]   scored 5502/6404 candidate sequences
[03:04:21]   scored 6000/6404 candidate sequences
[03:04:34]   scored 504/6404 candidate sequences
[03:04:36]   scored 1002/6404 candidate sequences
[03:04:37]   scored 1500/6404 candidate sequences
[03:04:39]   scored 2004/6404 candidate sequences
[03:04:42]   scored 2502/6404 candidate sequences
[03:04:44]   scored 3000/6404 candidate sequences
[03:04:46]   scored 3504/6404 candidate sequences
[03:04:48]   scored 4002/6404 candidate sequences
[03:04:50]   scored 4500/6404 candidate sequences
[03:04:53]   scored 5004/6404 candidate sequences
[03:04:56]   scored 5502/6404 candidate sequences
[03:05:00]   scored 6000/6404 candidate sequences
[03:05:12]   scored 504/6404 candidate sequences
[03:05:14]   scored 1002/6404 candidate sequences
[03:05:15]   scored 1500/6404 candidate sequences
[03:05:17]   scored 2004/6404 candidate sequences
[03:05:19]   scored 2502/6404 candidate sequences
[03:05:22]   scored 3000/6404 candidate sequences
[03:05:24]   scored 3504/6404 candidate sequences
[03:05:26]   scored 4002/6404 candidate sequences
[03:05:28]   scored 4500/6404 candidate sequences
[03:05:31]   scored 5004/6404 candidate sequences
[03:05:34]   scored 5502/6404 candidate sequences
[03:05:37]   scored 6000/6404 candidate sequences
[03:05:50]   scored 504/6404 candidate sequences
[03:05:52]   scored 1002/6404 candidate sequences
[03:05:54]   scored 1500/6404 candidate sequences
[03:05:56]   scored 2004/6404 candidate sequences
[03:05:58]   scored 2502/6404 candidate sequences
[03:06:00]   scored 3000/6404 candidate sequences
[03:06:02]   scored 3504/6404 candidate sequences
[03:06:04]   scored 4002/6404 candidate sequences
[03:06:07]   scored 4500/6404 candidate sequences
[03:06:09]   scored 5004/6404 candidate sequences
[03:06:12]   scored 5502/6404 candidate sequences
[03:06:16]   scored 6000/6404 candidate sequences
[03:06:28]   scored 504/6404 candidate sequences
[03:06:30]   scored 1002/6404 candidate sequences
[03:06:32]   scored 1500/6404 candidate sequences
[03:06:34]   scored 2004/6404 candidate sequences
[03:06:36]   scored 2502/6404 candidate sequences
[03:06:38]   scored 3000/6404 candidate sequences
[03:06:40]   scored 3504/6404 candidate sequences
[03:06:42]   scored 4002/6404 candidate sequences
[03:06:45]   scored 4500/6404 candidate sequences
[03:06:47]   scored 5004/6404 candidate sequences
[03:06:50]   scored 5502/6404 candidate sequences
[03:06:54]   scored 6000/6404 candidate sequences
[03:07:06]   scored 504/6404 candidate sequences
[03:07:08]   scored 1002/6404 candidate sequences
[03:07:10]   scored 1500/6404 candidate sequences
[03:07:11]   scored 2004/6404 candidate sequences
[03:07:14]   scored 2502/6404 candidate sequences
[03:07:16]   scored 3000/6404 candidate sequences
[03:07:18]   scored 3504/6404 candidate sequences
[03:07:20]   scored 4002/6404 candidate sequences
[03:07:22]   scored 4500/6404 candidate sequences
[03:07:25]   scored 5004/6404 candidate sequences
[03:07:28]   scored 5502/6404 candidate sequences
[03:07:32]   scored 6000/6404 candidate sequences
[03:07:44]   scored 504/6404 candidate sequences
[03:07:46]   scored 1002/6404 candidate sequences
[03:07:48]   scored 1500/6404 candidate sequences
[03:07:50]   scored 2004/6404 candidate sequences
[03:07:52]   scored 2502/6404 candidate sequences
[03:07:54]   scored 3000/6404 candidate sequences
[03:07:56]   scored 3504/6404 candidate sequences
[03:07:58]   scored 4002/6404 candidate sequences
[03:08:01]   scored 4500/6404 candidate sequences
[03:08:03]   scored 5004/6404 candidate sequences
[03:08:06]   scored 5502/6404 candidate sequences
[03:08:10]   scored 6000/6404 candidate sequences
[03:08:22]   scored 504/6404 candidate sequences
[03:08:24]   scored 1002/6404 candidate sequences
[03:08:26]   scored 1500/6404 candidate sequences
[03:08:28]   scored 2004/6404 candidate sequences
[03:08:30]   scored 2502/6404 candidate sequences
[03:08:32]   scored 3000/6404 candidate sequences
[03:08:34]   scored 3504/6404 candidate sequences
[03:08:36]   scored 4002/6404 candidate sequences
[03:08:39]   scored 4500/6404 candidate sequences
[03:08:41]   scored 5004/6404 candidate sequences
[03:08:44]   scored 5502/6404 candidate sequences
[03:08:48]   scored 6000/6404 candidate sequences
[03:09:00]   scored 504/6404 candidate sequences
[03:09:02]   scored 1002/6404 candidate sequences
[03:09:04]   scored 1500/6404 candidate sequences
[03:09:06]   scored 2004/6404 candidate sequences
[03:09:08]   scored 2502/6404 candidate sequences
[03:09:10]   scored 3000/6404 candidate sequences
[03:09:12]   scored 3504/6404 candidate sequences
[03:09:14]   scored 4002/6404 candidate sequences
[03:09:17]   scored 4500/6404 candidate sequences
[03:09:19]   scored 5004/6404 candidate sequences
[03:09:22]   scored 5502/6404 candidate sequences
[03:09:26]   scored 6000/6404 candidate sequences
[03:09:38]   scored 504/6404 candidate sequences
[03:09:40]   scored 1002/6404 candidate sequences
[03:09:42]   scored 1500/6404 candidate sequences
[03:09:44]   scored 2004/6404 candidate sequences
[03:09:46]   scored 2502/6404 candidate sequences
[03:09:48]   scored 3000/6404 candidate sequences
[03:09:50]   scored 3504/6404 candidate sequences
[03:09:53]   scored 4002/6404 candidate sequences
[03:09:55]   scored 4500/6404 candidate sequences
[03:09:58]   scored 5004/6404 candidate sequences
[03:10:01]   scored 5502/6404 candidate sequences
[03:10:04]   scored 6000/6404 candidate sequences
[03:10:16]   scored 504/6404 candidate sequences
[03:10:18]   scored 1002/6404 candidate sequences
[03:10:20]   scored 1500/6404 candidate sequences
[03:10:22]   scored 2004/6404 candidate sequences
[03:10:24]   scored 2502/6404 candidate sequences
[03:10:26]   scored 3000/6404 candidate sequences
[03:10:28]   scored 3504/6404 candidate sequences
[03:10:30]   scored 4002/6404 candidate sequences
[03:10:33]   scored 4500/6404 candidate sequences
[03:10:36]   scored 5004/6404 candidate sequences
[03:10:39]   scored 5502/6404 candidate sequences
[03:10:42]   scored 6000/6404 candidate sequences
[03:10:54]   scored 504/6404 candidate sequences
[03:10:56]   scored 1002/6404 candidate sequences
[03:10:58]   scored 1500/6404 candidate sequences
[03:11:00]   scored 2004/6404 candidate sequences
[03:11:02]   scored 2502/6404 candidate sequences
[03:11:04]   scored 3000/6404 candidate sequences
[03:11:06]   scored 3504/6404 candidate sequences
[03:11:08]   scored 4002/6404 candidate sequences
[03:11:11]   scored 4500/6404 candidate sequences
[03:11:13]   scored 5004/6404 candidate sequences
[03:11:16]   scored 5502/6404 candidate sequences
[03:11:20]   scored 6000/6404 candidate sequences
[03:11:32]   scored 504/6404 candidate sequences
[03:11:34]   scored 1002/6404 candidate sequences
[03:11:36]   scored 1500/6404 candidate sequences
[03:11:38]   scored 2004/6404 candidate sequences
[03:11:40]   scored 2502/6404 candidate sequences
[03:11:42]   scored 3000/6404 candidate sequences
[03:11:44]   scored 3504/6404 candidate sequences
[03:11:46]   scored 4002/6404 candidate sequences
[03:11:49]   scored 4500/6404 candidate sequences
[03:11:52]   scored 5004/6404 candidate sequences
[03:11:55]   scored 5502/6404 candidate sequences
[03:11:58]   scored 6000/6404 candidate sequences
[03:12:10]   scored 504/6404 candidate sequences
[03:12:12]   scored 1002/6404 candidate sequences
[03:12:14]   scored 1500/6404 candidate sequences
[03:12:15]   scored 2004/6404 candidate sequences
[03:12:18]   scored 2502/6404 candidate sequences
[03:12:20]   scored 3000/6404 candidate sequences
[03:12:22]   scored 3504/6404 candidate sequences
[03:12:24]   scored 4002/6404 candidate sequences
[03:12:26]   scored 4500/6404 candidate sequences
[03:12:29]   scored 5004/6404 candidate sequences
[03:12:32]   scored 5502/6404 candidate sequences
[03:12:36]   scored 6000/6404 candidate sequences
[03:12:48]   scored 504/6404 candidate sequences
[03:12:50]   scored 1002/6404 candidate sequences
[03:12:52]   scored 1500/6404 candidate sequences
[03:12:53]   scored 2004/6404 candidate sequences
[03:12:56]   scored 2502/6404 candidate sequences
[03:12:58]   scored 3000/6404 candidate sequences
[03:13:00]   scored 3504/6404 candidate sequences
[03:13:02]   scored 4002/6404 candidate sequences
[03:13:04]   scored 4500/6404 candidate sequences
[03:13:07]   scored 5004/6404 candidate sequences
[03:13:10]   scored 5502/6404 candidate sequences
[03:13:14]   scored 6000/6404 candidate sequences
[03:13:26]   scored 504/6404 candidate sequences
[03:13:28]   scored 1002/6404 candidate sequences
[03:13:30]   scored 1500/6404 candidate sequences
[03:13:32]   scored 2004/6404 candidate sequences
[03:13:34]   scored 2502/6404 candidate sequences
[03:13:36]   scored 3000/6404 candidate sequences
[03:13:38]   scored 3504/6404 candidate sequences
[03:13:40]   scored 4002/6404 candidate sequences
[03:13:43]   scored 4500/6404 candidate sequences
[03:13:45]   scored 5004/6404 candidate sequences
[03:13:48]   scored 5502/6404 candidate sequences
[03:13:52]   scored 6000/6404 candidate sequences
[03:14:04]   scored 504/6404 candidate sequences
[03:14:06]   scored 1002/6404 candidate sequences
[03:14:08]   scored 1500/6404 candidate sequences
[03:14:10]   scored 2004/6404 candidate sequences
[03:14:12]   scored 2502/6404 candidate sequences
[03:14:14]   scored 3000/6404 candidate sequences
[03:14:16]   scored 3504/6404 candidate sequences
[03:14:18]   scored 4002/6404 candidate sequences
[03:14:21]   scored 4500/6404 candidate sequences
[03:14:23]   scored 5004/6404 candidate sequences
[03:14:26]   scored 5502/6404 candidate sequences
[03:14:30]   scored 6000/6404 candidate sequences
[03:14:42]   scored 504/6404 candidate sequences
[03:14:44]   scored 1002/6404 candidate sequences
[03:14:46]   scored 1500/6404 candidate sequences
[03:14:48]   scored 2004/6404 candidate sequences
[03:14:50]   scored 2502/6404 candidate sequences
[03:14:52]   scored 3000/6404 candidate sequences
[03:14:54]   scored 3504/6404 candidate sequences
[03:14:56]   scored 4002/6404 candidate sequences
[03:14:59]   scored 4500/6404 candidate sequences
[03:15:01]   scored 5004/6404 candidate sequences
[03:15:04]   scored 5502/6404 candidate sequences
[03:15:08]   scored 6000/6404 candidate sequences
[03:15:20]   scored 504/6404 candidate sequences
[03:15:22]   scored 1002/6404 candidate sequences
[03:15:24]   scored 1500/6404 candidate sequences
[03:15:26]   scored 2004/6404 candidate sequences
[03:15:28]   scored 2502/6404 candidate sequences
[03:15:30]   scored 3000/6404 candidate sequences
[03:15:32]   scored 3504/6404 candidate sequences
[03:15:34]   scored 4002/6404 candidate sequences
[03:15:37]   scored 4500/6404 candidate sequences
[03:15:39]   scored 5004/6404 candidate sequences
[03:15:42]   scored 5502/6404 candidate sequences
[03:15:46]   scored 6000/6404 candidate sequences
[03:15:58]   scored 504/6404 candidate sequences
[03:16:00]   scored 1002/6404 candidate sequences
[03:16:02]   scored 1500/6404 candidate sequences
[03:16:04]   scored 2004/6404 candidate sequences
[03:16:06]   scored 2502/6404 candidate sequences
[03:16:08]   scored 3000/6404 candidate sequences
[03:16:10]   scored 3504/6404 candidate sequences
[03:16:12]   scored 4002/6404 candidate sequences
[03:16:15]   scored 4500/6404 candidate sequences
[03:16:17]   scored 5004/6404 candidate sequences
[03:16:20]   scored 5502/6404 candidate sequences
[03:16:24]   scored 6000/6404 candidate sequences
[03:16:36]   scored 504/6404 candidate sequences
[03:16:38]   scored 1002/6404 candidate sequences
[03:16:40]   scored 1500/6404 candidate sequences
[03:16:42]   scored 2004/6404 candidate sequences
[03:16:44]   scored 2502/6404 candidate sequences
[03:16:46]   scored 3000/6404 candidate sequences
[03:16:48]   scored 3504/6404 candidate sequences
[03:16:50]   scored 4002/6404 candidate sequences
[03:16:53]   scored 4500/6404 candidate sequences
[03:16:55]   scored 5004/6404 candidate sequences
[03:16:58]   scored 5502/6404 candidate sequences
[03:17:02]   scored 6000/6404 candidate sequences
[03:17:14]   scored 504/6404 candidate sequences
[03:17:16]   scored 1002/6404 candidate sequences
[03:17:18]   scored 1500/6404 candidate sequences
[03:17:20]   scored 2004/6404 candidate sequences
[03:17:22]   scored 2502/6404 candidate sequences
[03:17:24]   scored 3000/6404 candidate sequences
[03:17:26]   scored 3504/6404 candidate sequences
[03:17:28]   scored 4002/6404 candidate sequences
[03:17:31]   scored 4500/6404 candidate sequences
[03:17:34]   scored 5004/6404 candidate sequences
[03:17:37]   scored 5502/6404 candidate sequences
[03:17:40]   scored 6000/6404 candidate sequences
[03:17:52]   scored 504/6404 candidate sequences
[03:17:54]   scored 1002/6404 candidate sequences
[03:17:56]   scored 1500/6404 candidate sequences
[03:17:58]   scored 2004/6404 candidate sequences
[03:18:00]   scored 2502/6404 candidate sequences
[03:18:02]   scored 3000/6404 candidate sequences
[03:18:04]   scored 3504/6404 candidate sequences
[03:18:07]   scored 4002/6404 candidate sequences
[03:18:09]   scored 4500/6404 candidate sequences
[03:18:12]   scored 5004/6404 candidate sequences
[03:18:15]   scored 5502/6404 candidate sequences
[03:18:18]   scored 6000/6404 candidate sequences
[03:18:30]   scored 504/6404 candidate sequences
[03:18:32]   scored 1002/6404 candidate sequences
[03:18:34]   scored 1500/6404 candidate sequences
[03:18:36]   scored 2004/6404 candidate sequences
[03:18:38]   scored 2502/6404 candidate sequences
[03:18:40]   scored 3000/6404 candidate sequences
[03:18:42]   scored 3504/6404 candidate sequences
[03:18:45]   scored 4002/6404 candidate sequences
[03:18:47]   scored 4500/6404 candidate sequences
[03:18:50]   scored 5004/6404 candidate sequences
[03:18:53]   scored 5502/6404 candidate sequences
[03:18:56]   scored 6000/6404 candidate sequences
[03:19:08]   scored 504/6404 candidate sequences
[03:19:10]   scored 1002/6404 candidate sequences
[03:19:12]   scored 1500/6404 candidate sequences
[03:19:14]   scored 2004/6404 candidate sequences
[03:19:16]   scored 2502/6404 candidate sequences
[03:19:18]   scored 3000/6404 candidate sequences
[03:19:20]   scored 3504/6404 candidate sequences
[03:19:23]   scored 4002/6404 candidate sequences
[03:19:25]   scored 4500/6404 candidate sequences
[03:19:28]   scored 5004/6404 candidate sequences
[03:19:31]   scored 5502/6404 candidate sequences
[03:19:34]   scored 6000/6404 candidate sequences
[03:19:46]   scored 504/6404 candidate sequences
[03:19:48]   scored 1002/6404 candidate sequences
[03:19:50]   scored 1500/6404 candidate sequences
[03:19:52]   scored 2004/6404 candidate sequences
[03:19:54]   scored 2502/6404 candidate sequences
[03:19:56]   scored 3000/6404 candidate sequences
[03:19:58]   scored 3504/6404 candidate sequences
[03:20:01]   scored 4002/6404 candidate sequences
[03:20:03]   scored 4500/6404 candidate sequences
[03:20:06]   scored 5004/6404 candidate sequences
[03:20:09]   scored 5502/6404 candidate sequences
[03:20:12]   scored 6000/6404 candidate sequences
[03:20:24]   scored 504/6404 candidate sequences
[03:20:26]   scored 1002/6404 candidate sequences
[03:20:28]   scored 1500/6404 candidate sequences
[03:20:30]   scored 2004/6404 candidate sequences
[03:20:32]   scored 2502/6404 candidate sequences
[03:20:34]   scored 3000/6404 candidate sequences
[03:20:36]   scored 3504/6404 candidate sequences
[03:20:39]   scored 4002/6404 candidate sequences
[03:20:41]   scored 4500/6404 candidate sequences
[03:20:44]   scored 5004/6404 candidate sequences
[03:20:47]   scored 5502/6404 candidate sequences
[03:20:50]   scored 6000/6404 candidate sequences
[03:21:02]   scored 504/6404 candidate sequences
[03:21:04]   scored 1002/6404 candidate sequences
[03:21:06]   scored 1500/6404 candidate sequences
[03:21:08]   scored 2004/6404 candidate sequences
[03:21:10]   scored 2502/6404 candidate sequences
[03:21:12]   scored 3000/6404 candidate sequences
[03:21:14]   scored 3504/6404 candidate sequences
[03:21:17]   scored 4002/6404 candidate sequences
[03:21:19]   scored 4500/6404 candidate sequences
[03:21:22]   scored 5004/6404 candidate sequences
[03:21:25]   scored 5502/6404 candidate sequences
[03:21:28]   scored 6000/6404 candidate sequences
[03:21:40]   scored 504/6404 candidate sequences
[03:21:42]   scored 1002/6404 candidate sequences
[03:21:44]   scored 1500/6404 candidate sequences
[03:21:45]   scored 2004/6404 candidate sequences
[03:21:48]   scored 2502/6404 candidate sequences
[03:21:50]   scored 3000/6404 candidate sequences
[03:21:52]   scored 3504/6404 candidate sequences
[03:21:54]   scored 4002/6404 candidate sequences
[03:21:56]   scored 4500/6404 candidate sequences
[03:21:59]   scored 5004/6404 candidate sequences
[03:22:02]   scored 5502/6404 candidate sequences
[03:22:06]   scored 6000/6404 candidate sequences
[03:22:18]   scored 504/6404 candidate sequences
[03:22:20]   scored 1002/6404 candidate sequences
[03:22:22]   scored 1500/6404 candidate sequences
[03:22:24]   scored 2004/6404 candidate sequences
[03:22:26]   scored 2502/6404 candidate sequences
[03:22:28]   scored 3000/6404 candidate sequences
[03:22:30]   scored 3504/6404 candidate sequences
[03:22:33]   scored 4002/6404 candidate sequences
[03:22:35]   scored 4500/6404 candidate sequences
[03:22:38]   scored 5004/6404 candidate sequences
[03:22:41]   scored 5502/6404 candidate sequences
[03:22:44]   scored 6000/6404 candidate sequences
[03:22:56]   scored 504/6404 candidate sequences
[03:22:58]   scored 1002/6404 candidate sequences
[03:23:00]   scored 1500/6404 candidate sequences
[03:23:02]   scored 2004/6404 candidate sequences
[03:23:04]   scored 2502/6404 candidate sequences
[03:23:06]   scored 3000/6404 candidate sequences
[03:23:08]   scored 3504/6404 candidate sequences
[03:23:11]   scored 4002/6404 candidate sequences
[03:23:13]   scored 4500/6404 candidate sequences
[03:23:16]   scored 5004/6404 candidate sequences
[03:23:19]   scored 5502/6404 candidate sequences
[03:23:22]   scored 6000/6404 candidate sequences
[03:23:34]   scored 504/6404 candidate sequences
[03:23:36]   scored 1002/6404 candidate sequences
[03:23:38]   scored 1500/6404 candidate sequences
[03:23:40]   scored 2004/6404 candidate sequences
[03:23:42]   scored 2502/6404 candidate sequences
[03:23:44]   scored 3000/6404 candidate sequences
[03:23:47]   scored 3504/6404 candidate sequences
[03:23:49]   scored 4002/6404 candidate sequences
[03:23:51]   scored 4500/6404 candidate sequences
[03:23:54]   scored 5004/6404 candidate sequences
[03:23:57]   scored 5502/6404 candidate sequences
[03:24:00]   scored 6000/6404 candidate sequences
[03:24:12]   scored 504/6404 candidate sequences
[03:24:14]   scored 1002/6404 candidate sequences
[03:24:16]   scored 1500/6404 candidate sequences
[03:24:18]   scored 2004/6404 candidate sequences
[03:24:20]   scored 2502/6404 candidate sequences
[03:24:23]   scored 3000/6404 candidate sequences
[03:24:25]   scored 3504/6404 candidate sequences
[03:24:27]   scored 4002/6404 candidate sequences
[03:24:29]   scored 4500/6404 candidate sequences
[03:24:32]   scored 5004/6404 candidate sequences
[03:24:35]   scored 5502/6404 candidate sequences
[03:24:38]   scored 6000/6404 candidate sequences
[03:24:51]   scored 504/6404 candidate sequences
[03:24:53]   scored 1002/6404 candidate sequences
[03:24:54]   scored 1500/6404 candidate sequences
[03:24:56]   scored 2004/6404 candidate sequences
[03:24:58]   scored 2502/6404 candidate sequences
[03:25:01]   scored 3000/6404 candidate sequences
[03:25:03]   scored 3504/6404 candidate sequences
[03:25:05]   scored 4002/6404 candidate sequences
[03:25:07]   scored 4500/6404 candidate sequences
[03:25:10]   scored 5004/6404 candidate sequences
[03:25:13]   scored 5502/6404 candidate sequences
[03:25:17]   scored 6000/6404 candidate sequences
[03:25:29]   scored 504/6404 candidate sequences
[03:25:31]   scored 1002/6404 candidate sequences
[03:25:32]   scored 1500/6404 candidate sequences
[03:25:34]   scored 2004/6404 candidate sequences
[03:25:36]   scored 2502/6404 candidate sequences
[03:25:39]   scored 3000/6404 candidate sequences
[03:25:41]   scored 3504/6404 candidate sequences
[03:25:43]   scored 4002/6404 candidate sequences
[03:25:45]   scored 4500/6404 candidate sequences
[03:25:48]   scored 5004/6404 candidate sequences
[03:25:51]   scored 5502/6404 candidate sequences
[03:25:55]   scored 6000/6404 candidate sequences
[03:26:07]   scored 504/6404 candidate sequences
[03:26:09]   scored 1002/6404 candidate sequences
[03:26:10]   scored 1500/6404 candidate sequences
[03:26:12]   scored 2004/6404 candidate sequences
[03:26:14]   scored 2502/6404 candidate sequences
[03:26:17]   scored 3000/6404 candidate sequences
[03:26:19]   scored 3504/6404 candidate sequences
[03:26:21]   scored 4002/6404 candidate sequences
[03:26:23]   scored 4500/6404 candidate sequences
[03:26:26]   scored 5004/6404 candidate sequences
[03:26:29]   scored 5502/6404 candidate sequences
[03:26:33]   scored 6000/6404 candidate sequences
[03:26:45]   scored 504/6404 candidate sequences
[03:26:47]   scored 1002/6404 candidate sequences
[03:26:49]   scored 1500/6404 candidate sequences
[03:26:51]   scored 2004/6404 candidate sequences
[03:26:53]   scored 2502/6404 candidate sequences
[03:26:55]   scored 3000/6404 candidate sequences
[03:26:57]   scored 3504/6404 candidate sequences
[03:26:59]   scored 4002/6404 candidate sequences
[03:27:02]   scored 4500/6404 candidate sequences
[03:27:04]   scored 5004/6404 candidate sequences
[03:27:07]   scored 5502/6404 candidate sequences
[03:27:11]   scored 6000/6404 candidate sequences
[03:27:23]   scored 504/6404 candidate sequences
[03:27:25]   scored 1002/6404 candidate sequences
[03:27:27]   scored 1500/6404 candidate sequences
[03:27:29]   scored 2004/6404 candidate sequences
[03:27:31]   scored 2502/6404 candidate sequences
[03:27:33]   scored 3000/6404 candidate sequences
[03:27:35]   scored 3504/6404 candidate sequences
[03:27:37]   scored 4002/6404 candidate sequences
[03:27:40]   scored 4500/6404 candidate sequences
[03:27:42]   scored 5004/6404 candidate sequences
[03:27:45]   scored 5502/6404 candidate sequences
[03:27:49]   scored 6000/6404 candidate sequences
[03:28:01]   scored 504/6404 candidate sequences
[03:28:03]   scored 1002/6404 candidate sequences
[03:28:05]   scored 1500/6404 candidate sequences
[03:28:07]   scored 2004/6404 candidate sequences
[03:28:09]   scored 2502/6404 candidate sequences
[03:28:11]   scored 3000/6404 candidate sequences
[03:28:13]   scored 3504/6404 candidate sequences
[03:28:15]   scored 4002/6404 candidate sequences
[03:28:18]   scored 4500/6404 candidate sequences
[03:28:20]   scored 5004/6404 candidate sequences
[03:28:23]   scored 5502/6404 candidate sequences
[03:28:27]   scored 6000/6404 candidate sequences
[03:28:39]   scored 504/6404 candidate sequences
[03:28:41]   scored 1002/6404 candidate sequences
[03:28:43]   scored 1500/6404 candidate sequences
[03:28:45]   scored 2004/6404 candidate sequences
[03:28:47]   scored 2502/6404 candidate sequences
[03:28:49]   scored 3000/6404 candidate sequences
[03:28:51]   scored 3504/6404 candidate sequences
[03:28:53]   scored 4002/6404 candidate sequences
[03:28:56]   scored 4500/6404 candidate sequences
[03:28:59]   scored 5004/6404 candidate sequences
[03:29:02]   scored 5502/6404 candidate sequences
[03:29:05]   scored 6000/6404 candidate sequences
[03:29:17]   scored 504/6404 candidate sequences
[03:29:19]   scored 1002/6404 candidate sequences
[03:29:21]   scored 1500/6404 candidate sequences
[03:29:23]   scored 2004/6404 candidate sequences
[03:29:25]   scored 2502/6404 candidate sequences
[03:29:27]   scored 3000/6404 candidate sequences
[03:29:29]   scored 3504/6404 candidate sequences
[03:29:31]   scored 4002/6404 candidate sequences
[03:29:34]   scored 4500/6404 candidate sequences
[03:29:36]   scored 5004/6404 candidate sequences
[03:29:39]   scored 5502/6404 candidate sequences
[03:29:43]   scored 6000/6404 candidate sequences
[03:29:55]   scored 504/6404 candidate sequences
[03:29:57]   scored 1002/6404 candidate sequences
[03:29:59]   scored 1500/6404 candidate sequences
[03:30:01]   scored 2004/6404 candidate sequences
[03:30:03]   scored 2502/6404 candidate sequences
[03:30:05]   scored 3000/6404 candidate sequences
[03:30:07]   scored 3504/6404 candidate sequences
[03:30:09]   scored 4002/6404 candidate sequences
[03:30:12]   scored 4500/6404 candidate sequences
[03:30:14]   scored 5004/6404 candidate sequences
[03:30:17]   scored 5502/6404 candidate sequences
[03:30:21]   scored 6000/6404 candidate sequences
[03:30:33]   scored 504/6404 candidate sequences
[03:30:35]   scored 1002/6404 candidate sequences
[03:30:37]   scored 1500/6404 candidate sequences
[03:30:39]   scored 2004/6404 candidate sequences
[03:30:41]   scored 2502/6404 candidate sequences
[03:30:43]   scored 3000/6404 candidate sequences
[03:30:45]   scored 3504/6404 candidate sequences
[03:30:47]   scored 4002/6404 candidate sequences
[03:30:50]   scored 4500/6404 candidate sequences
[03:30:53]   scored 5004/6404 candidate sequences
[03:30:56]   scored 5502/6404 candidate sequences
[03:30:59]   scored 6000/6404 candidate sequences
[03:31:11]   scored 504/6404 candidate sequences
[03:31:13]   scored 1002/6404 candidate sequences
[03:31:15]   scored 1500/6404 candidate sequences
[03:31:17]   scored 2004/6404 candidate sequences
[03:31:19]   scored 2502/6404 candidate sequences
[03:31:21]   scored 3000/6404 candidate sequences
[03:31:23]   scored 3504/6404 candidate sequences
[03:31:25]   scored 4002/6404 candidate sequences
[03:31:28]   scored 4500/6404 candidate sequences
[03:31:30]   scored 5004/6404 candidate sequences
[03:31:33]   scored 5502/6404 candidate sequences
[03:31:37]   scored 6000/6404 candidate sequences
[03:31:49]   scored 504/6404 candidate sequences
[03:31:51]   scored 1002/6404 candidate sequences
[03:31:53]   scored 1500/6404 candidate sequences
[03:31:55]   scored 2004/6404 candidate sequences
[03:31:57]   scored 2502/6404 candidate sequences
[03:31:59]   scored 3000/6404 candidate sequences
[03:32:01]   scored 3504/6404 candidate sequences
[03:32:04]   scored 4002/6404 candidate sequences
[03:32:06]   scored 4500/6404 candidate sequences
[03:32:09]   scored 5004/6404 candidate sequences
[03:32:12]   scored 5502/6404 candidate sequences
[03:32:15]   scored 6000/6404 candidate sequences
[03:32:27]   scored 504/6404 candidate sequences
[03:32:29]   scored 1002/6404 candidate sequences
[03:32:31]   scored 1500/6404 candidate sequences
[03:32:33]   scored 2004/6404 candidate sequences
[03:32:35]   scored 2502/6404 candidate sequences
[03:32:37]   scored 3000/6404 candidate sequences
[03:32:39]   scored 3504/6404 candidate sequences
[03:32:42]   scored 4002/6404 candidate sequences
[03:32:44]   scored 4500/6404 candidate sequences
[03:32:47]   scored 5004/6404 candidate sequences
[03:32:50]   scored 5502/6404 candidate sequences
[03:32:53]   scored 6000/6404 candidate sequences
[03:33:05]   scored 504/6404 candidate sequences
[03:33:07]   scored 1002/6404 candidate sequences
[03:33:08]   scored 1500/6404 candidate sequences
[03:33:10]   scored 2004/6404 candidate sequences
[03:33:12]   scored 2502/6404 candidate sequences
[03:33:15]   scored 3000/6404 candidate sequences
[03:33:17]   scored 3504/6404 candidate sequences
[03:33:19]   scored 4002/6404 candidate sequences
[03:33:21]   scored 4500/6404 candidate sequences
[03:33:24]   scored 5004/6404 candidate sequences
[03:33:27]   scored 5502/6404 candidate sequences
[03:33:31]   scored 6000/6404 candidate sequences
[03:33:43]   scored 504/6404 candidate sequences
[03:33:45]   scored 1002/6404 candidate sequences
[03:33:47]   scored 1500/6404 candidate sequences
[03:33:48]   scored 2004/6404 candidate sequences
[03:33:51]   scored 2502/6404 candidate sequences
[03:33:53]   scored 3000/6404 candidate sequences
[03:33:55]   scored 3504/6404 candidate sequences
[03:33:57]   scored 4002/6404 candidate sequences
[03:33:59]   scored 4500/6404 candidate sequences
[03:34:02]   scored 5004/6404 candidate sequences
[03:34:05]   scored 5502/6404 candidate sequences
[03:34:09]   scored 6000/6404 candidate sequences
[03:34:21]   scored 504/6404 candidate sequences
[03:34:23]   scored 1002/6404 candidate sequences
[03:34:25]   scored 1500/6404 candidate sequences
[03:34:26]   scored 2004/6404 candidate sequences
[03:34:29]   scored 2502/6404 candidate sequences
[03:34:31]   scored 3000/6404 candidate sequences
[03:34:33]   scored 3504/6404 candidate sequences
[03:34:35]   scored 4002/6404 candidate sequences
[03:34:37]   scored 4500/6404 candidate sequences
[03:34:40]   scored 5004/6404 candidate sequences
[03:34:43]   scored 5502/6404 candidate sequences
[03:34:47]   scored 6000/6404 candidate sequences
[03:34:59]   scored 504/6404 candidate sequences
[03:35:01]   scored 1002/6404 candidate sequences
[03:35:02]   scored 1500/6404 candidate sequences
[03:35:04]   scored 2004/6404 candidate sequences
[03:35:07]   scored 2502/6404 candidate sequences
[03:35:09]   scored 3000/6404 candidate sequences
[03:35:11]   scored 3504/6404 candidate sequences
[03:35:13]   scored 4002/6404 candidate sequences
[03:35:15]   scored 4500/6404 candidate sequences
[03:35:18]   scored 5004/6404 candidate sequences
[03:35:21]   scored 5502/6404 candidate sequences
[03:35:25]   scored 6000/6404 candidate sequences
[03:35:37]   scored 504/6404 candidate sequences
[03:35:39]   scored 1002/6404 candidate sequences
[03:35:41]   scored 1500/6404 candidate sequences
[03:35:43]   scored 2004/6404 candidate sequences
[03:35:45]   scored 2502/6404 candidate sequences
[03:35:47]   scored 3000/6404 candidate sequences
[03:35:49]   scored 3504/6404 candidate sequences
[03:35:51]   scored 4002/6404 candidate sequences
[03:35:54]   scored 4500/6404 candidate sequences
[03:35:56]   scored 5004/6404 candidate sequences
[03:35:59]   scored 5502/6404 candidate sequences
[03:36:03]   scored 6000/6404 candidate sequences
[03:36:15]   scored 504/6404 candidate sequences
[03:36:17]   scored 1002/6404 candidate sequences
[03:36:19]   scored 1500/6404 candidate sequences
[03:36:21]   scored 2004/6404 candidate sequences
[03:36:23]   scored 2502/6404 candidate sequences
[03:36:25]   scored 3000/6404 candidate sequences
[03:36:27]   scored 3504/6404 candidate sequences
[03:36:29]   scored 4002/6404 candidate sequences
[03:36:32]   scored 4500/6404 candidate sequences
[03:36:34]   scored 5004/6404 candidate sequences
[03:36:37]   scored 5502/6404 candidate sequences
[03:36:41]   scored 6000/6404 candidate sequences
[03:36:53]   scored 504/6404 candidate sequences
[03:36:55]   scored 1002/6404 candidate sequences
[03:36:57]   scored 1500/6404 candidate sequences
[03:36:59]   scored 2004/6404 candidate sequences
[03:37:01]   scored 2502/6404 candidate sequences
[03:37:03]   scored 3000/6404 candidate sequences
[03:37:05]   scored 3504/6404 candidate sequences
[03:37:07]   scored 4002/6404 candidate sequences
[03:37:10]   scored 4500/6404 candidate sequences
[03:37:12]   scored 5004/6404 candidate sequences
[03:37:15]   scored 5502/6404 candidate sequences
[03:37:19]   scored 6000/6404 candidate sequences
[03:37:31]   scored 504/6404 candidate sequences
[03:37:33]   scored 1002/6404 candidate sequences
[03:37:35]   scored 1500/6404 candidate sequences
[03:37:37]   scored 2004/6404 candidate sequences
[03:37:39]   scored 2502/6404 candidate sequences
[03:37:41]   scored 3000/6404 candidate sequences
[03:37:43]   scored 3504/6404 candidate sequences
[03:37:45]   scored 4002/6404 candidate sequences
[03:37:48]   scored 4500/6404 candidate sequences
[03:37:50]   scored 5004/6404 candidate sequences
[03:37:53]   scored 5502/6404 candidate sequences
[03:37:57]   scored 6000/6404 candidate sequences
[03:38:09]   scored 504/6404 candidate sequences
[03:38:11]   scored 1002/6404 candidate sequences
[03:38:13]   scored 1500/6404 candidate sequences
[03:38:15]   scored 2004/6404 candidate sequences
[03:38:17]   scored 2502/6404 candidate sequences
[03:38:19]   scored 3000/6404 candidate sequences
[03:38:21]   scored 3504/6404 candidate sequences
[03:38:23]   scored 4002/6404 candidate sequences
[03:38:26]   scored 4500/6404 candidate sequences
[03:38:28]   scored 5004/6404 candidate sequences
[03:38:31]   scored 5502/6404 candidate sequences
[03:38:35]   scored 6000/6404 candidate sequences
[03:38:47]   scored 504/6404 candidate sequences
[03:38:49]   scored 1002/6404 candidate sequences
[03:38:51]   scored 1500/6404 candidate sequences
[03:38:53]   scored 2004/6404 candidate sequences
[03:38:55]   scored 2502/6404 candidate sequences
[03:38:57]   scored 3000/6404 candidate sequences
[03:38:59]   scored 3504/6404 candidate sequences
[03:39:01]   scored 4002/6404 candidate sequences
[03:39:04]   scored 4500/6404 candidate sequences
[03:39:06]   scored 5004/6404 candidate sequences
[03:39:09]   scored 5502/6404 candidate sequences
[03:39:13]   scored 6000/6404 candidate sequences
[03:39:25]   scored 504/6404 candidate sequences
[03:39:27]   scored 1002/6404 candidate sequences
[03:39:29]   scored 1500/6404 candidate sequences
[03:39:31]   scored 2004/6404 candidate sequences
[03:39:33]   scored 2502/6404 candidate sequences
[03:39:35]   scored 3000/6404 candidate sequences
[03:39:37]   scored 3504/6404 candidate sequences
[03:39:39]   scored 4002/6404 candidate sequences
[03:39:42]   scored 4500/6404 candidate sequences
[03:39:44]   scored 5004/6404 candidate sequences
[03:39:47]   scored 5502/6404 candidate sequences
[03:39:51]   scored 6000/6404 candidate sequences
[03:40:03]   scored 504/6404 candidate sequences
[03:40:05]   scored 1002/6404 candidate sequences
[03:40:07]   scored 1500/6404 candidate sequences
[03:40:09]   scored 2004/6404 candidate sequences
[03:40:11]   scored 2502/6404 candidate sequences
[03:40:13]   scored 3000/6404 candidate sequences
[03:40:15]   scored 3504/6404 candidate sequences
[03:40:18]   scored 4002/6404 candidate sequences
[03:40:20]   scored 4500/6404 candidate sequences
[03:40:23]   scored 5004/6404 candidate sequences
[03:40:26]   scored 5502/6404 candidate sequences
[03:40:29]   scored 6000/6404 candidate sequences
[03:40:41]   scored 504/6404 candidate sequences
[03:40:43]   scored 1002/6404 candidate sequences
[03:40:45]   scored 1500/6404 candidate sequences
[03:40:47]   scored 2004/6404 candidate sequences
[03:40:49]   scored 2502/6404 candidate sequences
[03:40:51]   scored 3000/6404 candidate sequences
[03:40:53]   scored 3504/6404 candidate sequences
[03:40:56]   scored 4002/6404 candidate sequences
[03:40:58]   scored 4500/6404 candidate sequences
[03:41:01]   scored 5004/6404 candidate sequences
[03:41:04]   scored 5502/6404 candidate sequences
[03:41:07]   scored 6000/6404 candidate sequences
[03:41:19]   scored 504/6404 candidate sequences
[03:41:21]   scored 1002/6404 candidate sequences
[03:41:23]   scored 1500/6404 candidate sequences
[03:41:25]   scored 2004/6404 candidate sequences
[03:41:27]   scored 2502/6404 candidate sequences
[03:41:29]   scored 3000/6404 candidate sequences
[03:41:31]   scored 3504/6404 candidate sequences
[03:41:34]   scored 4002/6404 candidate sequences
[03:41:36]   scored 4500/6404 candidate sequences
[03:41:39]   scored 5004/6404 candidate sequences
[03:41:42]   scored 5502/6404 candidate sequences
[03:41:45]   scored 6000/6404 candidate sequences
[03:41:57]   scored 504/6404 candidate sequences
[03:41:59]   scored 1002/6404 candidate sequences
[03:42:01]   scored 1500/6404 candidate sequences
[03:42:03]   scored 2004/6404 candidate sequences
[03:42:05]   scored 2502/6404 candidate sequences
[03:42:07]   scored 3000/6404 candidate sequences
[03:42:09]   scored 3504/6404 candidate sequences
[03:42:12]   scored 4002/6404 candidate sequences
[03:42:14]   scored 4500/6404 candidate sequences
[03:42:17]   scored 5004/6404 candidate sequences
[03:42:20]   scored 5502/6404 candidate sequences
[03:42:23]   scored 6000/6404 candidate sequences
[03:42:35]   scored 504/6404 candidate sequences
[03:42:37]   scored 1002/6404 candidate sequences
[03:42:39]   scored 1500/6404 candidate sequences
[03:42:41]   scored 2004/6404 candidate sequences
[03:42:43]   scored 2502/6404 candidate sequences
[03:42:45]   scored 3000/6404 candidate sequences
[03:42:48]   scored 3504/6404 candidate sequences
[03:42:50]   scored 4002/6404 candidate sequences
[03:42:52]   scored 4500/6404 candidate sequences
[03:42:55]   scored 5004/6404 candidate sequences
[03:42:58]   scored 5502/6404 candidate sequences
[03:43:01]   scored 6000/6404 candidate sequences
[03:43:13]   scored 504/6404 candidate sequences
[03:43:15]   scored 1002/6404 candidate sequences
[03:43:17]   scored 1500/6404 candidate sequences
[03:43:19]   scored 2004/6404 candidate sequences
[03:43:21]   scored 2502/6404 candidate sequences
[03:43:23]   scored 3000/6404 candidate sequences
[03:43:25]   scored 3504/6404 candidate sequences
[03:43:28]   scored 4002/6404 candidate sequences
[03:43:30]   scored 4500/6404 candidate sequences
[03:43:33]   scored 5004/6404 candidate sequences
[03:43:36]   scored 5502/6404 candidate sequences
[03:43:39]   scored 6000/6404 candidate sequences
[03:43:51]   scored 504/6404 candidate sequences
[03:43:53]   scored 1002/6404 candidate sequences
[03:43:55]   scored 1500/6404 candidate sequences
[03:43:57]   scored 2004/6404 candidate sequences
[03:43:59]   scored 2502/6404 candidate sequences
[03:44:01]   scored 3000/6404 candidate sequences
[03:44:03]   scored 3504/6404 candidate sequences
[03:44:06]   scored 4002/6404 candidate sequences
[03:44:08]   scored 4500/6404 candidate sequences
[03:44:11]   scored 5004/6404 candidate sequences
[03:44:14]   scored 5502/6404 candidate sequences
[03:44:17]   scored 6000/6404 candidate sequences
[03:44:29]   scored 504/6404 candidate sequences
[03:44:31]   scored 1002/6404 candidate sequences
[03:44:32]   scored 1500/6404 candidate sequences
[03:44:34]   scored 2004/6404 candidate sequences
[03:44:36]   scored 2502/6404 candidate sequences
[03:44:39]   scored 3000/6404 candidate sequences
[03:44:41]   scored 3504/6404 candidate sequences
[03:44:43]   scored 4002/6404 candidate sequences
[03:44:45]   scored 4500/6404 candidate sequences
[03:44:48]   scored 5004/6404 candidate sequences
[03:44:51]   scored 5502/6404 candidate sequences
[03:44:55]   scored 6000/6404 candidate sequences
[03:45:07]   scored 504/6404 candidate sequences
[03:45:09]   scored 1002/6404 candidate sequences
[03:45:11]   scored 1500/6404 candidate sequences
[03:45:13]   scored 2004/6404 candidate sequences
[03:45:15]   scored 2502/6404 candidate sequences
[03:45:17]   scored 3000/6404 candidate sequences
[03:45:19]   scored 3504/6404 candidate sequences
[03:45:21]   scored 4002/6404 candidate sequences
[03:45:24]   scored 4500/6404 candidate sequences
[03:45:26]   scored 5004/6404 candidate sequences
[03:45:29]   scored 5502/6404 candidate sequences
[03:45:33]   scored 6000/6404 candidate sequences
[03:45:45]   scored 504/6404 candidate sequences
[03:45:47]   scored 1002/6404 candidate sequences
[03:45:49]   scored 1500/6404 candidate sequences
[03:45:51]   scored 2004/6404 candidate sequences
[03:45:53]   scored 2502/6404 candidate sequences
[03:45:55]   scored 3000/6404 candidate sequences
[03:45:57]   scored 3504/6404 candidate sequences
[03:45:59]   scored 4002/6404 candidate sequences
[03:46:02]   scored 4500/6404 candidate sequences
[03:46:04]   scored 5004/6404 candidate sequences
[03:46:07]   scored 5502/6404 candidate sequences
[03:46:11]   scored 6000/6404 candidate sequences
[03:46:23]   scored 504/6404 candidate sequences
[03:46:25]   scored 1002/6404 candidate sequences
[03:46:27]   scored 1500/6404 candidate sequences
[03:46:29]   scored 2004/6404 candidate sequences
[03:46:31]   scored 2502/6404 candidate sequences
[03:46:33]   scored 3000/6404 candidate sequences
[03:46:35]   scored 3504/6404 candidate sequences
[03:46:37]   scored 4002/6404 candidate sequences
[03:46:40]   scored 4500/6404 candidate sequences
[03:46:42]   scored 5004/6404 candidate sequences
[03:46:45]   scored 5502/6404 candidate sequences
[03:46:49]   scored 6000/6404 candidate sequences
[03:47:01]   scored 504/6404 candidate sequences
[03:47:03]   scored 1002/6404 candidate sequences
[03:47:05]   scored 1500/6404 candidate sequences
[03:47:07]   scored 2004/6404 candidate sequences
[03:47:09]   scored 2502/6404 candidate sequences
[03:47:11]   scored 3000/6404 candidate sequences
[03:47:13]   scored 3504/6404 candidate sequences
[03:47:15]   scored 4002/6404 candidate sequences
[03:47:18]   scored 4500/6404 candidate sequences
[03:47:20]   scored 5004/6404 candidate sequences
[03:47:23]   scored 5502/6404 candidate sequences
[03:47:27]   scored 6000/6404 candidate sequences
[03:47:39]   scored 504/6404 candidate sequences
[03:47:41]   scored 1002/6404 candidate sequences
[03:47:43]   scored 1500/6404 candidate sequences
[03:47:45]   scored 2004/6404 candidate sequences
[03:47:47]   scored 2502/6404 candidate sequences
[03:47:49]   scored 3000/6404 candidate sequences
[03:47:51]   scored 3504/6404 candidate sequences
[03:47:53]   scored 4002/6404 candidate sequences
[03:47:56]   scored 4500/6404 candidate sequences
[03:47:58]   scored 5004/6404 candidate sequences
[03:48:01]   scored 5502/6404 candidate sequences
[03:48:05]   scored 6000/6404 candidate sequences
[03:48:17]   scored 504/6404 candidate sequences
[03:48:19]   scored 1002/6404 candidate sequences
[03:48:21]   scored 1500/6404 candidate sequences
[03:48:23]   scored 2004/6404 candidate sequences
[03:48:25]   scored 2502/6404 candidate sequences
[03:48:27]   scored 3000/6404 candidate sequences
[03:48:29]   scored 3504/6404 candidate sequences
[03:48:31]   scored 4002/6404 candidate sequences
[03:48:34]   scored 4500/6404 candidate sequences
[03:48:36]   scored 5004/6404 candidate sequences
[03:48:39]   scored 5502/6404 candidate sequences
[03:48:43]   scored 6000/6404 candidate sequences
[03:48:55]   scored 504/6404 candidate sequences
[03:48:57]   scored 1002/6404 candidate sequences
[03:48:59]   scored 1500/6404 candidate sequences
[03:49:01]   scored 2004/6404 candidate sequences
[03:49:03]   scored 2502/6404 candidate sequences
[03:49:05]   scored 3000/6404 candidate sequences
[03:49:07]   scored 3504/6404 candidate sequences
[03:49:09]   scored 4002/6404 candidate sequences
[03:49:12]   scored 4500/6404 candidate sequences
[03:49:14]   scored 5004/6404 candidate sequences
[03:49:17]   scored 5502/6404 candidate sequences
[03:49:21]   scored 6000/6404 candidate sequences
[03:49:33]   scored 504/6404 candidate sequences
[03:49:35]   scored 1002/6404 candidate sequences
[03:49:37]   scored 1500/6404 candidate sequences
[03:49:39]   scored 2004/6404 candidate sequences
[03:49:41]   scored 2502/6404 candidate sequences
[03:49:43]   scored 3000/6404 candidate sequences
[03:49:45]   scored 3504/6404 candidate sequences
[03:49:48]   scored 4002/6404 candidate sequences
[03:49:50]   scored 4500/6404 candidate sequences
[03:49:53]   scored 5004/6404 candidate sequences
[03:49:56]   scored 5502/6404 candidate sequences
[03:49:59]   scored 6000/6404 candidate sequences
[03:50:11]   scored 504/6404 candidate sequences
[03:50:13]   scored 1002/6404 candidate sequences
[03:50:15]   scored 1500/6404 candidate sequences
[03:50:17]   scored 2004/6404 candidate sequences
[03:50:19]   scored 2502/6404 candidate sequences
[03:50:21]   scored 3000/6404 candidate sequences
[03:50:23]   scored 3504/6404 candidate sequences
[03:50:26]   scored 4002/6404 candidate sequences
[03:50:28]   scored 4500/6404 candidate sequences
[03:50:31]   scored 5004/6404 candidate sequences
[03:50:34]   scored 5502/6404 candidate sequences
[03:50:37]   scored 6000/6404 candidate sequences
[03:50:49]   scored 504/6404 candidate sequences
[03:50:51]   scored 1002/6404 candidate sequences
[03:50:53]   scored 1500/6404 candidate sequences
[03:50:55]   scored 2004/6404 candidate sequences
[03:50:57]   scored 2502/6404 candidate sequences
[03:50:59]   scored 3000/6404 candidate sequences
[03:51:01]   scored 3504/6404 candidate sequences
[03:51:04]   scored 4002/6404 candidate sequences
[03:51:06]   scored 4500/6404 candidate sequences
[03:51:09]   scored 5004/6404 candidate sequences
[03:51:12]   scored 5502/6404 candidate sequences
[03:51:15]   scored 6000/6404 candidate sequences
[03:51:27]   scored 504/6404 candidate sequences
[03:51:29]   scored 1002/6404 candidate sequences
[03:51:31]   scored 1500/6404 candidate sequences
[03:51:33]   scored 2004/6404 candidate sequences
[03:51:35]   scored 2502/6404 candidate sequences
[03:51:37]   scored 3000/6404 candidate sequences
[03:51:39]   scored 3504/6404 candidate sequences
[03:51:42]   scored 4002/6404 candidate sequences
[03:51:44]   scored 4500/6404 candidate sequences
[03:51:47]   scored 5004/6404 candidate sequences
[03:51:50]   scored 5502/6404 candidate sequences
[03:51:53]   scored 6000/6404 candidate sequences
[03:52:05]   scored 504/6404 candidate sequences
[03:52:07]   scored 1002/6404 candidate sequences
[03:52:09]   scored 1500/6404 candidate sequences
[03:52:11]   scored 2004/6404 candidate sequences
[03:52:13]   scored 2502/6404 candidate sequences
[03:52:15]   scored 3000/6404 candidate sequences
[03:52:17]   scored 3504/6404 candidate sequences
[03:52:20]   scored 4002/6404 candidate sequences
[03:52:22]   scored 4500/6404 candidate sequences
[03:52:25]   scored 5004/6404 candidate sequences
[03:52:28]   scored 5502/6404 candidate sequences
[03:52:31]   scored 6000/6404 candidate sequences
[03:52:43]   scored 504/6404 candidate sequences
[03:52:45]   scored 1002/6404 candidate sequences
[03:52:47]   scored 1500/6404 candidate sequences
[03:52:49]   scored 2004/6404 candidate sequences
[03:52:51]   scored 2502/6404 candidate sequences
[03:52:53]   scored 3000/6404 candidate sequences
[03:52:55]   scored 3504/6404 candidate sequences
[03:52:58]   scored 4002/6404 candidate sequences
[03:53:00]   scored 4500/6404 candidate sequences
[03:53:03]   scored 5004/6404 candidate sequences
[03:53:06]   scored 5502/6404 candidate sequences
[03:53:09]   scored 6000/6404 candidate sequences
[03:53:21]   scored 504/6404 candidate sequences
[03:53:23]   scored 1002/6404 candidate sequences
[03:53:25]   scored 1500/6404 candidate sequences
[03:53:27]   scored 2004/6404 candidate sequences
[03:53:29]   scored 2502/6404 candidate sequences
[03:53:31]   scored 3000/6404 candidate sequences
[03:53:34]   scored 3504/6404 candidate sequences
[03:53:36]   scored 4002/6404 candidate sequences
[03:53:38]   scored 4500/6404 candidate sequences
[03:53:41]   scored 5004/6404 candidate sequences
[03:53:44]   scored 5502/6404 candidate sequences
[03:53:47]   scored 6000/6404 candidate sequences
[03:53:59]   scored 504/6404 candidate sequences
[03:54:01]   scored 1002/6404 candidate sequences
[03:54:03]   scored 1500/6404 candidate sequences
[03:54:05]   scored 2004/6404 candidate sequences
[03:54:07]   scored 2502/6404 candidate sequences
[03:54:09]   scored 3000/6404 candidate sequences
[03:54:12]   scored 3504/6404 candidate sequences
[03:54:14]   scored 4002/6404 candidate sequences
[03:54:16]   scored 4500/6404 candidate sequences
[03:54:19]   scored 5004/6404 candidate sequences
[03:54:22]   scored 5502/6404 candidate sequences
[03:54:25]   scored 6000/6404 candidate sequences
[03:54:37]   scored 504/6404 candidate sequences
[03:54:39]   scored 1002/6404 candidate sequences
[03:54:41]   scored 1500/6404 candidate sequences
[03:54:43]   scored 2004/6404 candidate sequences
[03:54:45]   scored 2502/6404 candidate sequences
[03:54:47]   scored 3000/6404 candidate sequences
[03:54:50]   scored 3504/6404 candidate sequences
[03:54:52]   scored 4002/6404 candidate sequences
[03:54:54]   scored 4500/6404 candidate sequences
[03:54:57]   scored 5004/6404 candidate sequences
[03:55:00]   scored 5502/6404 candidate sequences
[03:55:03]   scored 6000/6404 candidate sequences
[03:55:16]   scored 504/6404 candidate sequences
[03:55:17]   scored 1002/6404 candidate sequences
[03:55:19]   scored 1500/6404 candidate sequences
[03:55:21]   scored 2004/6404 candidate sequences
[03:55:23]   scored 2502/6404 candidate sequences
[03:55:26]   scored 3000/6404 candidate sequences
[03:55:28]   scored 3504/6404 candidate sequences
[03:55:30]   scored 4002/6404 candidate sequences
[03:55:32]   scored 4500/6404 candidate sequences
[03:55:35]   scored 5004/6404 candidate sequences
[03:55:38]   scored 5502/6404 candidate sequences
[03:55:41]   scored 6000/6404 candidate sequences
[03:55:54]   scored 504/6404 candidate sequences
[03:55:55]   scored 1002/6404 candidate sequences
[03:55:57]   scored 1500/6404 candidate sequences
[03:55:59]   scored 2004/6404 candidate sequences
[03:56:01]   scored 2502/6404 candidate sequences
[03:56:04]   scored 3000/6404 candidate sequences
[03:56:06]   scored 3504/6404 candidate sequences
[03:56:08]   scored 4002/6404 candidate sequences
[03:56:10]   scored 4500/6404 candidate sequences
[03:56:13]   scored 5004/6404 candidate sequences
[03:56:16]   scored 5502/6404 candidate sequences
[03:56:19]   scored 6000/6404 candidate sequences
[03:56:32]   scored 504/6404 candidate sequences
[03:56:33]   scored 1002/6404 candidate sequences
[03:56:35]   scored 1500/6404 candidate sequences
[03:56:37]   scored 2004/6404 candidate sequences
[03:56:39]   scored 2502/6404 candidate sequences
[03:56:41]   scored 3000/6404 candidate sequences
[03:56:44]   scored 3504/6404 candidate sequences
[03:56:46]   scored 4002/6404 candidate sequences
[03:56:48]   scored 4500/6404 candidate sequences
[03:56:51]   scored 5004/6404 candidate sequences
[03:56:54]   scored 5502/6404 candidate sequences
[03:56:57]   scored 6000/6404 candidate sequences
[03:57:10]   scored 504/6404 candidate sequences
[03:57:12]   scored 1002/6404 candidate sequences
[03:57:13]   scored 1500/6404 candidate sequences
[03:57:15]   scored 2004/6404 candidate sequences
[03:57:17]   scored 2502/6404 candidate sequences
[03:57:20]   scored 3000/6404 candidate sequences
[03:57:22]   scored 3504/6404 candidate sequences
[03:57:24]   scored 4002/6404 candidate sequences
[03:57:26]   scored 4500/6404 candidate sequences
[03:57:29]   scored 5004/6404 candidate sequences
[03:57:32]   scored 5502/6404 candidate sequences
[03:57:36]   scored 6000/6404 candidate sequences
[03:57:47]   scored 504/6404 candidate sequences
[03:57:49]   scored 1002/6404 candidate sequences
[03:57:51]   scored 1500/6404 candidate sequences
[03:57:53]   scored 2004/6404 candidate sequences
[03:57:55]   scored 2502/6404 candidate sequences
[03:57:57]   scored 3000/6404 candidate sequences
[03:57:59]   scored 3504/6404 candidate sequences
[03:58:01]   scored 4002/6404 candidate sequences
[03:58:04]   scored 4500/6404 candidate sequences
[03:58:07]   scored 5004/6404 candidate sequences
[03:58:10]   scored 5502/6404 candidate sequences
[03:58:13]   scored 6000/6404 candidate sequences
[03:58:24]   scored 504/6404 candidate sequences
[03:58:26]   scored 1002/6404 candidate sequences
[03:58:28]   scored 1500/6404 candidate sequences
[03:58:30]   scored 2004/6404 candidate sequences
[03:58:32]   scored 2502/6404 candidate sequences
[03:58:34]   scored 3000/6404 candidate sequences
[03:58:37]   scored 3504/6404 candidate sequences
[03:58:39]   scored 4002/6404 candidate sequences
[03:58:41]   scored 4500/6404 candidate sequences
[03:58:44]   scored 5004/6404 candidate sequences
[03:58:47]   scored 5502/6404 candidate sequences
[03:58:50]   scored 6000/6404 candidate sequences
[03:59:01]   scored 504/6404 candidate sequences
[03:59:03]   scored 1002/6404 candidate sequences
[03:59:05]   scored 1500/6404 candidate sequences
[03:59:07]   scored 2004/6404 candidate sequences
[03:59:09]   scored 2502/6404 candidate sequences
[03:59:11]   scored 3000/6404 candidate sequences
[03:59:14]   scored 3504/6404 candidate sequences
[03:59:16]   scored 4002/6404 candidate sequences
[03:59:18]   scored 4500/6404 candidate sequences
[03:59:21]   scored 5004/6404 candidate sequences
[03:59:24]   scored 5502/6404 candidate sequences
[03:59:27]   scored 6000/6404 candidate sequences
[03:59:38]   scored 504/6404 candidate sequences
[03:59:40]   scored 1002/6404 candidate sequences
[03:59:42]   scored 1500/6404 candidate sequences
[03:59:44]   scored 2004/6404 candidate sequences
[03:59:46]   scored 2502/6404 candidate sequences
[03:59:48]   scored 3000/6404 candidate sequences
[03:59:51]   scored 3504/6404 candidate sequences
[03:59:53]   scored 4002/6404 candidate sequences
[03:59:55]   scored 4500/6404 candidate sequences
[03:59:58]   scored 5004/6404 candidate sequences
[04:00:01]   scored 5502/6404 candidate sequences
[04:00:05]   scored 6000/6404 candidate sequences
[04:00:16]   scored 504/6404 candidate sequences
[04:00:18]   scored 1002/6404 candidate sequences
[04:00:20]   scored 1500/6404 candidate sequences
[04:00:22]   scored 2004/6404 candidate sequences
[04:00:24]   scored 2502/6404 candidate sequences
[04:00:27]   scored 3000/6404 candidate sequences
[04:00:29]   scored 3504/6404 candidate sequences
[04:00:31]   scored 4002/6404 candidate sequences
[04:00:34]   scored 4500/6404 candidate sequences
[04:00:36]   scored 5004/6404 candidate sequences
[04:00:39]   scored 5502/6404 candidate sequences
[04:00:43]   scored 6000/6404 candidate sequences
[04:00:54]   scored 504/6404 candidate sequences
[04:00:56]   scored 1002/6404 candidate sequences
[04:00:58]   scored 1500/6404 candidate sequences
[04:01:01]   scored 2004/6404 candidate sequences
[04:01:03]   scored 2502/6404 candidate sequences
[04:01:05]   scored 3000/6404 candidate sequences
[04:01:07]   scored 3504/6404 candidate sequences
[04:01:09]   scored 4002/6404 candidate sequences
[04:01:12]   scored 4500/6404 candidate sequences
[04:01:15]   scored 5004/6404 candidate sequences
[04:01:18]   scored 5502/6404 candidate sequences
[04:01:21]   scored 6000/6404 candidate sequences
[04:01:32]   scored 504/6404 candidate sequences
[04:01:34]   scored 1002/6404 candidate sequences
[04:01:36]   scored 1500/6404 candidate sequences
[04:01:39]   scored 2004/6404 candidate sequences
[04:01:41]   scored 2502/6404 candidate sequences
[04:01:43]   scored 3000/6404 candidate sequences
[04:01:45]   scored 3504/6404 candidate sequences
[04:01:47]   scored 4002/6404 candidate sequences
[04:01:50]   scored 4500/6404 candidate sequences
[04:01:53]   scored 5004/6404 candidate sequences
[04:01:56]   scored 5502/6404 candidate sequences
[04:01:59]   scored 6000/6404 candidate sequences
[04:02:10]   scored 504/6404 candidate sequences
[04:02:13]   scored 1002/6404 candidate sequences
[04:02:15]   scored 1500/6404 candidate sequences
[04:02:17]   scored 2004/6404 candidate sequences
[04:02:19]   scored 2502/6404 candidate sequences
[04:02:21]   scored 3000/6404 candidate sequences
[04:02:23]   scored 3504/6404 candidate sequences
[04:02:26]   scored 4002/6404 candidate sequences
[04:02:28]   scored 4500/6404 candidate sequences
[04:02:31]   scored 5004/6404 candidate sequences
[04:02:34]   scored 5502/6404 candidate sequences
[04:02:37]   scored 6000/6404 candidate sequences
[04:02:49]   scored 504/6404 candidate sequences
[04:02:51]   scored 1002/6404 candidate sequences
[04:02:53]   scored 1500/6404 candidate sequences
[04:02:55]   scored 2004/6404 candidate sequences
[04:02:57]   scored 2502/6404 candidate sequences
[04:03:00]   scored 3000/6404 candidate sequences
[04:03:02]   scored 3504/6404 candidate sequences
[04:03:04]   scored 4002/6404 candidate sequences
[04:03:06]   scored 4500/6404 candidate sequences
[04:03:09]   scored 5004/6404 candidate sequences
[04:03:12]   scored 5502/6404 candidate sequences
[04:03:16]   scored 6000/6404 candidate sequences
[04:03:27]   scored 504/6404 candidate sequences
[04:03:29]   scored 1002/6404 candidate sequences
[04:03:31]   scored 1500/6404 candidate sequences
[04:03:33]   scored 2004/6404 candidate sequences
[04:03:36]   scored 2502/6404 candidate sequences
[04:03:38]   scored 3000/6404 candidate sequences
[04:03:40]   scored 3504/6404 candidate sequences
[04:03:42]   scored 4002/6404 candidate sequences
[04:03:45]   scored 4500/6404 candidate sequences
[04:03:47]   scored 5004/6404 candidate sequences
[04:03:50]   scored 5502/6404 candidate sequences
[04:03:54]   scored 6000/6404 candidate sequences
[04:04:05]   scored 504/6404 candidate sequences
[04:04:07]   scored 1002/6404 candidate sequences
[04:04:09]   scored 1500/6404 candidate sequences
[04:04:11]   scored 2004/6404 candidate sequences
[04:04:13]   scored 2502/6404 candidate sequences
[04:04:16]   scored 3000/6404 candidate sequences
[04:04:18]   scored 3504/6404 candidate sequences
[04:04:20]   scored 4002/6404 candidate sequences
[04:04:23]   scored 4500/6404 candidate sequences
[04:04:25]   scored 5004/6404 candidate sequences
[04:04:28]   scored 5502/6404 candidate sequences
[04:04:32]   scored 6000/6404 candidate sequences
[04:04:43]   scored 504/6404 candidate sequences
[04:04:45]   scored 1002/6404 candidate sequences
[04:04:47]   scored 1500/6404 candidate sequences
[04:04:50]   scored 2004/6404 candidate sequences
[04:04:52]   scored 2502/6404 candidate sequences
[04:04:54]   scored 3000/6404 candidate sequences
[04:04:56]   scored 3504/6404 candidate sequences
[04:04:58]   scored 4002/6404 candidate sequences
[04:05:01]   scored 4500/6404 candidate sequences
[04:05:04]   scored 5004/6404 candidate sequences
[04:05:07]   scored 5502/6404 candidate sequences
[04:05:10]   scored 6000/6404 candidate sequences
[04:05:21]   scored 504/6404 candidate sequences
[04:05:24]   scored 1002/6404 candidate sequences
[04:05:26]   scored 1500/6404 candidate sequences
[04:05:28]   scored 2004/6404 candidate sequences
[04:05:30]   scored 2502/6404 candidate sequences
[04:05:32]   scored 3000/6404 candidate sequences
[04:05:34]   scored 3504/6404 candidate sequences
[04:05:37]   scored 4002/6404 candidate sequences
[04:05:39]   scored 4500/6404 candidate sequences
[04:05:42]   scored 5004/6404 candidate sequences
[04:05:45]   scored 5502/6404 candidate sequences
[04:05:48]   scored 6000/6404 candidate sequences
[04:06:00]   scored 504/6404 candidate sequences
[04:06:02]   scored 1002/6404 candidate sequences
[04:06:04]   scored 1500/6404 candidate sequences
[04:06:06]   scored 2004/6404 candidate sequences
[04:06:08]   scored 2502/6404 candidate sequences
[04:06:10]   scored 3000/6404 candidate sequences
[04:06:12]   scored 3504/6404 candidate sequences
[04:06:15]   scored 4002/6404 candidate sequences
[04:06:17]   scored 4500/6404 candidate sequences
[04:06:20]   scored 5004/6404 candidate sequences
[04:06:23]   scored 5502/6404 candidate sequences
[04:06:26]   scored 6000/6404 candidate sequences
[04:06:38]   scored 504/6404 candidate sequences
[04:06:40]   scored 1002/6404 candidate sequences
[04:06:42]   scored 1500/6404 candidate sequences
[04:06:44]   scored 2004/6404 candidate sequences
[04:06:46]   scored 2502/6404 candidate sequences
[04:06:48]   scored 3000/6404 candidate sequences
[04:06:51]   scored 3504/6404 candidate sequences
[04:06:53]   scored 4002/6404 candidate sequences
[04:06:55]   scored 4500/6404 candidate sequences
[04:06:58]   scored 5004/6404 candidate sequences
[04:07:01]   scored 5502/6404 candidate sequences
[04:07:04]   scored 6000/6404 candidate sequences
[04:07:16]   scored 504/6404 candidate sequences
[04:07:18]   scored 1002/6404 candidate sequences
[04:07:20]   scored 1500/6404 candidate sequences
[04:07:22]   scored 2004/6404 candidate sequences
[04:07:25]   scored 2502/6404 candidate sequences
[04:07:27]   scored 3000/6404 candidate sequences
[04:07:29]   scored 3504/6404 candidate sequences
[04:07:31]   scored 4002/6404 candidate sequences
[04:07:34]   scored 4500/6404 candidate sequences
[04:07:36]   scored 5004/6404 candidate sequences
[04:07:39]   scored 5502/6404 candidate sequences
[04:07:43]   scored 6000/6404 candidate sequences
[04:07:54]   scored 504/6404 candidate sequences
[04:07:57]   scored 1002/6404 candidate sequences
[04:07:59]   scored 1500/6404 candidate sequences
[04:08:01]   scored 2004/6404 candidate sequences
[04:08:03]   scored 2502/6404 candidate sequences
[04:08:05]   scored 3000/6404 candidate sequences
[04:08:07]   scored 3504/6404 candidate sequences
[04:08:10]   scored 4002/6404 candidate sequences
[04:08:12]   scored 4500/6404 candidate sequences
[04:08:15]   scored 5004/6404 candidate sequences
[04:08:18]   scored 5502/6404 candidate sequences
[04:08:21]   scored 6000/6404 candidate sequences
[04:08:33]   scored 504/6404 candidate sequences
[04:08:35]   scored 1002/6404 candidate sequences
[04:08:37]   scored 1500/6404 candidate sequences
[04:08:39]   scored 2004/6404 candidate sequences
[04:08:41]   scored 2502/6404 candidate sequences
[04:08:43]   scored 3000/6404 candidate sequences
[04:08:45]   scored 3504/6404 candidate sequences
[04:08:48]   scored 4002/6404 candidate sequences
[04:08:50]   scored 4500/6404 candidate sequences
[04:08:53]   scored 5004/6404 candidate sequences
[04:08:56]   scored 5502/6404 candidate sequences
[04:08:59]   scored 6000/6404 candidate sequences
[04:09:11]   scored 504/6404 candidate sequences
[04:09:13]   scored 1002/6404 candidate sequences
[04:09:15]   scored 1500/6404 candidate sequences
[04:09:17]   scored 2004/6404 candidate sequences
[04:09:19]   scored 2502/6404 candidate sequences
[04:09:21]   scored 3000/6404 candidate sequences
[04:09:23]   scored 3504/6404 candidate sequences
[04:09:26]   scored 4002/6404 candidate sequences
[04:09:28]   scored 4500/6404 candidate sequences
[04:09:31]   scored 5004/6404 candidate sequences
[04:09:34]   scored 5502/6404 candidate sequences
[04:09:37]   scored 6000/6404 candidate sequences
[04:09:49]   scored 504/6404 candidate sequences
[04:09:51]   scored 1002/6404 candidate sequences
[04:09:53]   scored 1500/6404 candidate sequences
[04:09:55]   scored 2004/6404 candidate sequences
[04:09:57]   scored 2502/6404 candidate sequences
[04:09:59]   scored 3000/6404 candidate sequences
[04:10:02]   scored 3504/6404 candidate sequences
[04:10:04]   scored 4002/6404 candidate sequences
[04:10:06]   scored 4500/6404 candidate sequences
[04:10:09]   scored 5004/6404 candidate sequences
[04:10:12]   scored 5502/6404 candidate sequences
[04:10:15]   scored 6000/6404 candidate sequences
[04:10:27]   scored 504/6404 candidate sequences
[04:10:29]   scored 1002/6404 candidate sequences
[04:10:31]   scored 1500/6404 candidate sequences
[04:10:33]   scored 2004/6404 candidate sequences
[04:10:35]   scored 2502/6404 candidate sequences
[04:10:37]   scored 3000/6404 candidate sequences
[04:10:40]   scored 3504/6404 candidate sequences
[04:10:42]   scored 4002/6404 candidate sequences
[04:10:44]   scored 4500/6404 candidate sequences
[04:10:47]   scored 5004/6404 candidate sequences
[04:10:50]   scored 5502/6404 candidate sequences
[04:10:54]   scored 6000/6404 candidate sequences
[04:11:05]   scored 504/6404 candidate sequences
[04:11:07]   scored 1002/6404 candidate sequences
[04:11:09]   scored 1500/6404 candidate sequences
[04:11:11]   scored 2004/6404 candidate sequences
[04:11:13]   scored 2502/6404 candidate sequences
[04:11:16]   scored 3000/6404 candidate sequences
[04:11:18]   scored 3504/6404 candidate sequences
[04:11:20]   scored 4002/6404 candidate sequences
[04:11:23]   scored 4500/6404 candidate sequences
[04:11:25]   scored 5004/6404 candidate sequences
[04:11:28]   scored 5502/6404 candidate sequences
[04:11:32]   scored 6000/6404 candidate sequences
[04:11:44]   scored 504/6404 candidate sequences
[04:11:46]   scored 1002/6404 candidate sequences
[04:11:48]   scored 1500/6404 candidate sequences
[04:11:50]   scored 2004/6404 candidate sequences
[04:11:52]   scored 2502/6404 candidate sequences
[04:11:54]   scored 3000/6404 candidate sequences
[04:11:56]   scored 3504/6404 candidate sequences
[04:11:59]   scored 4002/6404 candidate sequences
[04:12:01]   scored 4500/6404 candidate sequences
[04:12:04]   scored 5004/6404 candidate sequences
[04:12:07]   scored 5502/6404 candidate sequences
[04:12:10]   scored 6000/6404 candidate sequences
[04:12:22]   scored 504/6404 candidate sequences
[04:12:24]   scored 1002/6404 candidate sequences
[04:12:26]   scored 1500/6404 candidate sequences
[04:12:28]   scored 2004/6404 candidate sequences
[04:12:30]   scored 2502/6404 candidate sequences
[04:12:32]   scored 3000/6404 candidate sequences
[04:12:35]   scored 3504/6404 candidate sequences
[04:12:37]   scored 4002/6404 candidate sequences
[04:12:39]   scored 4500/6404 candidate sequences
[04:12:42]   scored 5004/6404 candidate sequences
[04:12:45]   scored 5502/6404 candidate sequences
[04:12:48]   scored 6000/6404 candidate sequences
[04:13:00]   scored 504/6404 candidate sequences
[04:13:02]   scored 1002/6404 candidate sequences
[04:13:04]   scored 1500/6404 candidate sequences
[04:13:06]   scored 2004/6404 candidate sequences
[04:13:08]   scored 2502/6404 candidate sequences
[04:13:11]   scored 3000/6404 candidate sequences
[04:13:13]   scored 3504/6404 candidate sequences
[04:13:15]   scored 4002/6404 candidate sequences
[04:13:17]   scored 4500/6404 candidate sequences
[04:13:20]   scored 5004/6404 candidate sequences
[04:13:23]   scored 5502/6404 candidate sequences
[04:13:27]   scored 6000/6404 candidate sequences
[04:13:38]   scored 504/6404 candidate sequences
[04:13:40]   scored 1002/6404 candidate sequences
[04:13:42]   scored 1500/6404 candidate sequences
[04:13:44]   scored 2004/6404 candidate sequences
[04:13:47]   scored 2502/6404 candidate sequences
[04:13:49]   scored 3000/6404 candidate sequences
[04:13:51]   scored 3504/6404 candidate sequences
[04:13:53]   scored 4002/6404 candidate sequences
[04:13:56]   scored 4500/6404 candidate sequences
[04:13:58]   scored 5004/6404 candidate sequences
[04:14:01]   scored 5502/6404 candidate sequences
[04:14:05]   scored 6000/6404 candidate sequences
[04:14:16]   scored 504/6404 candidate sequences
[04:14:18]   scored 1002/6404 candidate sequences
[04:14:20]   scored 1500/6404 candidate sequences
[04:14:23]   scored 2004/6404 candidate sequences
[04:14:25]   scored 2502/6404 candidate sequences
[04:14:27]   scored 3000/6404 candidate sequences
[04:14:29]   scored 3504/6404 candidate sequences
[04:14:31]   scored 4002/6404 candidate sequences
[04:14:34]   scored 4500/6404 candidate sequences
[04:14:37]   scored 5004/6404 candidate sequences
[04:14:40]   scored 5502/6404 candidate sequences
[04:14:43]   scored 6000/6404 candidate sequences
[04:14:55]   scored 504/6404 candidate sequences
[04:14:57]   scored 1002/6404 candidate sequences
[04:14:59]   scored 1500/6404 candidate sequences
[04:15:01]   scored 2004/6404 candidate sequences
[04:15:03]   scored 2502/6404 candidate sequences
[04:15:05]   scored 3000/6404 candidate sequences
[04:15:07]   scored 3504/6404 candidate sequences
[04:15:10]   scored 4002/6404 candidate sequences
[04:15:12]   scored 4500/6404 candidate sequences
[04:15:15]   scored 5004/6404 candidate sequences
[04:15:18]   scored 5502/6404 candidate sequences
[04:15:21]   scored 6000/6404 candidate sequences
[04:15:33]   scored 504/6404 candidate sequences
[04:15:35]   scored 1002/6404 candidate sequences
[04:15:37]   scored 1500/6404 candidate sequences
[04:15:39]   scored 2004/6404 candidate sequences
[04:15:41]   scored 2502/6404 candidate sequences
[04:15:43]   scored 3000/6404 candidate sequences
[04:15:45]   scored 3504/6404 candidate sequences
[04:15:48]   scored 4002/6404 candidate sequences
[04:15:50]   scored 4500/6404 candidate sequences
[04:15:53]   scored 5004/6404 candidate sequences
[04:15:56]   scored 5502/6404 candidate sequences
[04:15:59]   scored 6000/6404 candidate sequences
[04:16:11]   scored 504/6404 candidate sequences
[04:16:13]   scored 1002/6404 candidate sequences
[04:16:15]   scored 1500/6404 candidate sequences
[04:16:17]   scored 2004/6404 candidate sequences
[04:16:19]   scored 2502/6404 candidate sequences
[04:16:21]   scored 3000/6404 candidate sequences
[04:16:24]   scored 3504/6404 candidate sequences
[04:16:26]   scored 4002/6404 candidate sequences
[04:16:28]   scored 4500/6404 candidate sequences
[04:16:31]   scored 5004/6404 candidate sequences
[04:16:34]   scored 5502/6404 candidate sequences
[04:16:37]   scored 6000/6404 candidate sequences
[04:16:49]   scored 504/6404 candidate sequences
[04:16:51]   scored 1002/6404 candidate sequences
[04:16:53]   scored 1500/6404 candidate sequences
[04:16:55]   scored 2004/6404 candidate sequences
[04:16:58]   scored 2502/6404 candidate sequences
[04:17:00]   scored 3000/6404 candidate sequences
[04:17:02]   scored 3504/6404 candidate sequences
[04:17:04]   scored 4002/6404 candidate sequences
[04:17:07]   scored 4500/6404 candidate sequences
[04:17:09]   scored 5004/6404 candidate sequences
[04:17:12]   scored 5502/6404 candidate sequences
[04:17:16]   scored 6000/6404 candidate sequences
[04:17:27]   scored 504/6404 candidate sequences
[04:17:29]   scored 1002/6404 candidate sequences
[04:17:31]   scored 1500/6404 candidate sequences
[04:17:34]   scored 2004/6404 candidate sequences
[04:17:36]   scored 2502/6404 candidate sequences
[04:17:38]   scored 3000/6404 candidate sequences
[04:17:40]   scored 3504/6404 candidate sequences
[04:17:42]   scored 4002/6404 candidate sequences
[04:17:45]   scored 4500/6404 candidate sequences
[04:17:48]   scored 5004/6404 candidate sequences
[04:17:51]   scored 5502/6404 candidate sequences
[04:17:54]   scored 6000/6404 candidate sequences
[04:18:00] [greedy_bias_aware] step 0: raise L18.self_attn.v_proj -> J=0.0672 bytes=6100592640
[04:18:06]   scored 504/6404 candidate sequences
[04:18:08]   scored 1002/6404 candidate sequences
[04:18:10]   scored 1500/6404 candidate sequences
[04:18:12]   scored 2004/6404 candidate sequences
[04:18:14]   scored 2502/6404 candidate sequences
[04:18:16]   scored 3000/6404 candidate sequences
[04:18:18]   scored 3504/6404 candidate sequences
[04:18:21]   scored 4002/6404 candidate sequences
[04:18:23]   scored 4500/6404 candidate sequences
[04:18:26]   scored 5004/6404 candidate sequences
[04:18:29]   scored 5502/6404 candidate sequences
[04:18:32]   scored 6000/6404 candidate sequences
[04:18:44]   scored 504/6404 candidate sequences
[04:18:46]   scored 1002/6404 candidate sequences
[04:18:48]   scored 1500/6404 candidate sequences
[04:18:50]   scored 2004/6404 candidate sequences
[04:18:52]   scored 2502/6404 candidate sequences
[04:18:54]   scored 3000/6404 candidate sequences
[04:18:57]   scored 3504/6404 candidate sequences
[04:18:59]   scored 4002/6404 candidate sequences
[04:19:01]   scored 4500/6404 candidate sequences
[04:19:04]   scored 5004/6404 candidate sequences
[04:19:07]   scored 5502/6404 candidate sequences
[04:19:10]   scored 6000/6404 candidate sequences
[04:19:22]   scored 504/6404 candidate sequences
[04:19:24]   scored 1002/6404 candidate sequences
[04:19:26]   scored 1500/6404 candidate sequences
[04:19:28]   scored 2004/6404 candidate sequences
[04:19:30]   scored 2502/6404 candidate sequences
[04:19:33]   scored 3000/6404 candidate sequences
[04:19:35]   scored 3504/6404 candidate sequences
[04:19:37]   scored 4002/6404 candidate sequences
[04:19:39]   scored 4500/6404 candidate sequences
[04:19:42]   scored 5004/6404 candidate sequences
[04:19:45]   scored 5502/6404 candidate sequences
[04:19:49]   scored 6000/6404 candidate sequences
[04:20:00]   scored 504/6404 candidate sequences
[04:20:02]   scored 1002/6404 candidate sequences
[04:20:04]   scored 1500/6404 candidate sequences
[04:20:06]   scored 2004/6404 candidate sequences
[04:20:09]   scored 2502/6404 candidate sequences
[04:20:11]   scored 3000/6404 candidate sequences
[04:20:13]   scored 3504/6404 candidate sequences
[04:20:15]   scored 4002/6404 candidate sequences
[04:20:18]   scored 4500/6404 candidate sequences
[04:20:20]   scored 5004/6404 candidate sequences
[04:20:23]   scored 5502/6404 candidate sequences
[04:20:27]   scored 6000/6404 candidate sequences
[04:20:38]   scored 504/6404 candidate sequences
[04:20:40]   scored 1002/6404 candidate sequences
[04:20:43]   scored 1500/6404 candidate sequences
[04:20:45]   scored 2004/6404 candidate sequences
[04:20:47]   scored 2502/6404 candidate sequences
[04:20:49]   scored 3000/6404 candidate sequences
[04:20:51]   scored 3504/6404 candidate sequences
[04:20:53]   scored 4002/6404 candidate sequences
[04:20:56]   scored 4500/6404 candidate sequences
[04:20:59]   scored 5004/6404 candidate sequences
[04:21:02]   scored 5502/6404 candidate sequences
[04:21:05]   scored 6000/6404 candidate sequences
[04:21:17]   scored 504/6404 candidate sequences
[04:21:19]   scored 1002/6404 candidate sequences
[04:21:21]   scored 1500/6404 candidate sequences
[04:21:23]   scored 2004/6404 candidate sequences
[04:21:25]   scored 2502/6404 candidate sequences
[04:21:27]   scored 3000/6404 candidate sequences
[04:21:29]   scored 3504/6404 candidate sequences
[04:21:32]   scored 4002/6404 candidate sequences
[04:21:34]   scored 4500/6404 candidate sequences
[04:21:37]   scored 5004/6404 candidate sequences
[04:21:40]   scored 5502/6404 candidate sequences
[04:21:43]   scored 6000/6404 candidate sequences
[04:21:55]   scored 504/6404 candidate sequences
[04:21:57]   scored 1002/6404 candidate sequences
[04:21:59]   scored 1500/6404 candidate sequences
[04:22:01]   scored 2004/6404 candidate sequences
[04:22:03]   scored 2502/6404 candidate sequences
[04:22:05]   scored 3000/6404 candidate sequences
[04:22:08]   scored 3504/6404 candidate sequences
[04:22:10]   scored 4002/6404 candidate sequences
[04:22:12]   scored 4500/6404 candidate sequences
[04:22:15]   scored 5004/6404 candidate sequences
[04:22:18]   scored 5502/6404 candidate sequences
[04:22:21]   scored 6000/6404 candidate sequences
[04:22:33]   scored 504/6404 candidate sequences
[04:22:35]   scored 1002/6404 candidate sequences
[04:22:37]   scored 1500/6404 candidate sequences
[04:22:39]   scored 2004/6404 candidate sequences
[04:22:41]   scored 2502/6404 candidate sequences
[04:22:43]   scored 3000/6404 candidate sequences
[04:22:46]   scored 3504/6404 candidate sequences
[04:22:48]   scored 4002/6404 candidate sequences
[04:22:50]   scored 4500/6404 candidate sequences
[04:22:53]   scored 5004/6404 candidate sequences
[04:22:56]   scored 5502/6404 candidate sequences
[04:23:00]   scored 6000/6404 candidate sequences
[04:23:11]   scored 504/6404 candidate sequences
[04:23:13]   scored 1002/6404 candidate sequences
[04:23:15]   scored 1500/6404 candidate sequences
[04:23:17]   scored 2004/6404 candidate sequences
[04:23:19]   scored 2502/6404 candidate sequences
[04:23:22]   scored 3000/6404 candidate sequences
[04:23:24]   scored 3504/6404 candidate sequences
[04:23:26]   scored 4002/6404 candidate sequences
[04:23:28]   scored 4500/6404 candidate sequences
[04:23:31]   scored 5004/6404 candidate sequences
[04:23:34]   scored 5502/6404 candidate sequences
[04:23:38]   scored 6000/6404 candidate sequences
[04:23:49]   scored 504/6404 candidate sequences
[04:23:51]   scored 1002/6404 candidate sequences
[04:23:53]   scored 1500/6404 candidate sequences
[04:23:55]   scored 2004/6404 candidate sequences
[04:23:58]   scored 2502/6404 candidate sequences
[04:24:00]   scored 3000/6404 candidate sequences
[04:24:02]   scored 3504/6404 candidate sequences
[04:24:04]   scored 4002/6404 candidate sequences
[04:24:07]   scored 4500/6404 candidate sequences
[04:24:09]   scored 5004/6404 candidate sequences
[04:24:13]   scored 5502/6404 candidate sequences
[04:24:16]   scored 6000/6404 candidate sequences
[04:24:27]   scored 504/6404 candidate sequences
[04:24:30]   scored 1002/6404 candidate sequences
[04:24:32]   scored 1500/6404 candidate sequences
[04:24:34]   scored 2004/6404 candidate sequences
[04:24:36]   scored 2502/6404 candidate sequences
[04:24:38]   scored 3000/6404 candidate sequences
[04:24:40]   scored 3504/6404 candidate sequences
[04:24:43]   scored 4002/6404 candidate sequences
[04:24:45]   scored 4500/6404 candidate sequences
[04:24:48]   scored 5004/6404 candidate sequences
[04:24:51]   scored 5502/6404 candidate sequences
[04:24:54]   scored 6000/6404 candidate sequences
[04:25:06]   scored 504/6404 candidate sequences
[04:25:08]   scored 1002/6404 candidate sequences
[04:25:10]   scored 1500/6404 candidate sequences
[04:25:12]   scored 2004/6404 candidate sequences
[04:25:14]   scored 2502/6404 candidate sequences
[04:25:17]   scored 3000/6404 candidate sequences
[04:25:19]   scored 3504/6404 candidate sequences
[04:25:21]   scored 4002/6404 candidate sequences
[04:25:23]   scored 4500/6404 candidate sequences
[04:25:26]   scored 5004/6404 candidate sequences
[04:25:29]   scored 5502/6404 candidate sequences
[04:25:33]   scored 6000/6404 candidate sequences
[04:25:44]   scored 504/6404 candidate sequences
[04:25:46]   scored 1002/6404 candidate sequences
[04:25:48]   scored 1500/6404 candidate sequences
[04:25:50]   scored 2004/6404 candidate sequences
[04:25:53]   scored 2502/6404 candidate sequences
[04:25:55]   scored 3000/6404 candidate sequences
[04:25:57]   scored 3504/6404 candidate sequences
[04:25:59]   scored 4002/6404 candidate sequences
[04:26:02]   scored 4500/6404 candidate sequences
[04:26:04]   scored 5004/6404 candidate sequences
[04:26:07]   scored 5502/6404 candidate sequences
[04:26:11]   scored 6000/6404 candidate sequences
[04:26:22]   scored 504/6404 candidate sequences
[04:26:24]   scored 1002/6404 candidate sequences
[04:26:26]   scored 1500/6404 candidate sequences
[04:26:29]   scored 2004/6404 candidate sequences
[04:26:31]   scored 2502/6404 candidate sequences
[04:26:33]   scored 3000/6404 candidate sequences
[04:26:35]   scored 3504/6404 candidate sequences
[04:26:37]   scored 4002/6404 candidate sequences
[04:26:40]   scored 4500/6404 candidate sequences
[04:26:42]   scored 5004/6404 candidate sequences
[04:26:46]   scored 5502/6404 candidate sequences
[04:26:49]   scored 6000/6404 candidate sequences
[04:27:00]   scored 504/6404 candidate sequences
[04:27:02]   scored 1002/6404 candidate sequences
[04:27:05]   scored 1500/6404 candidate sequences
[04:27:07]   scored 2004/6404 candidate sequences
[04:27:09]   scored 2502/6404 candidate sequences
[04:27:11]   scored 3000/6404 candidate sequences
[04:27:13]   scored 3504/6404 candidate sequences
[04:27:16]   scored 4002/6404 candidate sequences
[04:27:18]   scored 4500/6404 candidate sequences
[04:27:21]   scored 5004/6404 candidate sequences
[04:27:24]   scored 5502/6404 candidate sequences
[04:27:27]   scored 6000/6404 candidate sequences
[04:27:39]   scored 504/6404 candidate sequences
[04:27:41]   scored 1002/6404 candidate sequences
[04:27:43]   scored 1500/6404 candidate sequences
[04:27:45]   scored 2004/6404 candidate sequences
[04:27:47]   scored 2502/6404 candidate sequences
[04:27:49]   scored 3000/6404 candidate sequences
[04:27:51]   scored 3504/6404 candidate sequences
[04:27:54]   scored 4002/6404 candidate sequences
[04:27:56]   scored 4500/6404 candidate sequences
[04:27:59]   scored 5004/6404 candidate sequences
[04:28:02]   scored 5502/6404 candidate sequences
[04:28:05]   scored 6000/6404 candidate sequences
[04:28:17]   scored 504/6404 candidate sequences
[04:28:19]   scored 1002/6404 candidate sequences
[04:28:21]   scored 1500/6404 candidate sequences
[04:28:23]   scored 2004/6404 candidate sequences
[04:28:25]   scored 2502/6404 candidate sequences
[04:28:27]   scored 3000/6404 candidate sequences
[04:28:30]   scored 3504/6404 candidate sequences
[04:28:32]   scored 4002/6404 candidate sequences
[04:28:34]   scored 4500/6404 candidate sequences
[04:28:37]   scored 5004/6404 candidate sequences
[04:28:40]   scored 5502/6404 candidate sequences
[04:28:43]   scored 6000/6404 candidate sequences
[04:28:55]   scored 504/6404 candidate sequences
[04:28:57]   scored 1002/6404 candidate sequences
[04:28:59]   scored 1500/6404 candidate sequences
[04:29:01]   scored 2004/6404 candidate sequences
[04:29:03]   scored 2502/6404 candidate sequences
[04:29:05]   scored 3000/6404 candidate sequences
[04:29:08]   scored 3504/6404 candidate sequences
[04:29:10]   scored 4002/6404 candidate sequences
[04:29:12]   scored 4500/6404 candidate sequences
[04:29:15]   scored 5004/6404 candidate sequences
[04:29:18]   scored 5502/6404 candidate sequences
[04:29:21]   scored 6000/6404 candidate sequences
[04:29:33]   scored 504/6404 candidate sequences
[04:29:35]   scored 1002/6404 candidate sequences
[04:29:37]   scored 1500/6404 candidate sequences
[04:29:39]   scored 2004/6404 candidate sequences
[04:29:41]   scored 2502/6404 candidate sequences
[04:29:43]   scored 3000/6404 candidate sequences
[04:29:46]   scored 3504/6404 candidate sequences
[04:29:48]   scored 4002/6404 candidate sequences
[04:29:50]   scored 4500/6404 candidate sequences
[04:29:53]   scored 5004/6404 candidate sequences
[04:29:56]   scored 5502/6404 candidate sequences
[04:29:59]   scored 6000/6404 candidate sequences
[04:30:11]   scored 504/6404 candidate sequences
[04:30:13]   scored 1002/6404 candidate sequences
[04:30:15]   scored 1500/6404 candidate sequences
[04:30:17]   scored 2004/6404 candidate sequences
[04:30:19]   scored 2502/6404 candidate sequences
[04:30:22]   scored 3000/6404 candidate sequences
[04:30:24]   scored 3504/6404 candidate sequences
[04:30:26]   scored 4002/6404 candidate sequences
[04:30:29]   scored 4500/6404 candidate sequences
[04:30:31]   scored 5004/6404 candidate sequences
[04:30:34]   scored 5502/6404 candidate sequences
[04:30:38]   scored 6000/6404 candidate sequences
[04:30:49]   scored 504/6404 candidate sequences
[04:30:51]   scored 1002/6404 candidate sequences
[04:30:53]   scored 1500/6404 candidate sequences
[04:30:55]   scored 2004/6404 candidate sequences
[04:30:58]   scored 2502/6404 candidate sequences
[04:31:00]   scored 3000/6404 candidate sequences
[04:31:02]   scored 3504/6404 candidate sequences
[04:31:04]   scored 4002/6404 candidate sequences
[04:31:07]   scored 4500/6404 candidate sequences
[04:31:09]   scored 5004/6404 candidate sequences
[04:31:12]   scored 5502/6404 candidate sequences
[04:31:16]   scored 6000/6404 candidate sequences
[04:31:27]   scored 504/6404 candidate sequences
[04:31:30]   scored 1002/6404 candidate sequences
[04:31:32]   scored 1500/6404 candidate sequences
[04:31:34]   scored 2004/6404 candidate sequences
[04:31:36]   scored 2502/6404 candidate sequences
[04:31:38]   scored 3000/6404 candidate sequences
[04:31:40]   scored 3504/6404 candidate sequences
[04:31:43]   scored 4002/6404 candidate sequences
[04:31:45]   scored 4500/6404 candidate sequences
[04:31:48]   scored 5004/6404 candidate sequences
[04:31:51]   scored 5502/6404 candidate sequences
[04:31:54]   scored 6000/6404 candidate sequences
[04:32:06]   scored 504/6404 candidate sequences
[04:32:08]   scored 1002/6404 candidate sequences
[04:32:10]   scored 1500/6404 candidate sequences
[04:32:12]   scored 2004/6404 candidate sequences
[04:32:14]   scored 2502/6404 candidate sequences
[04:32:16]   scored 3000/6404 candidate sequences
[04:32:18]   scored 3504/6404 candidate sequences
[04:32:21]   scored 4002/6404 candidate sequences
[04:32:23]   scored 4500/6404 candidate sequences
[04:32:26]   scored 5004/6404 candidate sequences
[04:32:29]   scored 5502/6404 candidate sequences
[04:32:32]   scored 6000/6404 candidate sequences
[04:32:44]   scored 504/6404 candidate sequences
[04:32:46]   scored 1002/6404 candidate sequences
[04:32:48]   scored 1500/6404 candidate sequences
[04:32:50]   scored 2004/6404 candidate sequences
[04:32:52]   scored 2502/6404 candidate sequences
[04:32:54]   scored 3000/6404 candidate sequences
[04:32:57]   scored 3504/6404 candidate sequences
[04:32:59]   scored 4002/6404 candidate sequences
[04:33:01]   scored 4500/6404 candidate sequences
[04:33:04]   scored 5004/6404 candidate sequences
[04:33:07]   scored 5502/6404 candidate sequences
[04:33:10]   scored 6000/6404 candidate sequences
[04:33:22]   scored 504/6404 candidate sequences
[04:33:24]   scored 1002/6404 candidate sequences
[04:33:26]   scored 1500/6404 candidate sequences
[04:33:28]   scored 2004/6404 candidate sequences
[04:33:30]   scored 2502/6404 candidate sequences
[04:33:32]   scored 3000/6404 candidate sequences
[04:33:35]   scored 3504/6404 candidate sequences
[04:33:37]   scored 4002/6404 candidate sequences
[04:33:39]   scored 4500/6404 candidate sequences
[04:33:42]   scored 5004/6404 candidate sequences
[04:33:45]   scored 5502/6404 candidate sequences
[04:33:48]   scored 6000/6404 candidate sequences
[04:34:00]   scored 504/6404 candidate sequences
[04:34:02]   scored 1002/6404 candidate sequences
[04:34:04]   scored 1500/6404 candidate sequences
[04:34:06]   scored 2004/6404 candidate sequences
[04:34:08]   scored 2502/6404 candidate sequences
[04:34:10]   scored 3000/6404 candidate sequences
[04:34:13]   scored 3504/6404 candidate sequences
[04:34:15]   scored 4002/6404 candidate sequences
[04:34:17]   scored 4500/6404 candidate sequences
[04:34:20]   scored 5004/6404 candidate sequences
[04:34:23]   scored 5502/6404 candidate sequences
[04:34:27]   scored 6000/6404 candidate sequences
[04:34:38]   scored 504/6404 candidate sequences
[04:34:40]   scored 1002/6404 candidate sequences
[04:34:42]   scored 1500/6404 candidate sequences
[04:34:45]   scored 2004/6404 candidate sequences
[04:34:47]   scored 2502/6404 candidate sequences
[04:34:49]   scored 3000/6404 candidate sequences
[04:34:51]   scored 3504/6404 candidate sequences
[04:34:53]   scored 4002/6404 candidate sequences
[04:34:56]   scored 4500/6404 candidate sequences
[04:34:59]   scored 5004/6404 candidate sequences
[04:35:02]   scored 5502/6404 candidate sequences
[04:35:05]   scored 6000/6404 candidate sequences
[04:35:16]   scored 504/6404 candidate sequences
[04:35:19]   scored 1002/6404 candidate sequences
[04:35:21]   scored 1500/6404 candidate sequences
[04:35:23]   scored 2004/6404 candidate sequences
[04:35:25]   scored 2502/6404 candidate sequences
[04:35:27]   scored 3000/6404 candidate sequences
[04:35:29]   scored 3504/6404 candidate sequences
[04:35:32]   scored 4002/6404 candidate sequences
[04:35:34]   scored 4500/6404 candidate sequences
[04:35:37]   scored 5004/6404 candidate sequences
[04:35:40]   scored 5502/6404 candidate sequences
[04:35:43]   scored 6000/6404 candidate sequences
[04:35:55]   scored 504/6404 candidate sequences
[04:35:57]   scored 1002/6404 candidate sequences
[04:35:59]   scored 1500/6404 candidate sequences
[04:36:01]   scored 2004/6404 candidate sequences
[04:36:03]   scored 2502/6404 candidate sequences
[04:36:05]   scored 3000/6404 candidate sequences
[04:36:08]   scored 3504/6404 candidate sequences
[04:36:10]   scored 4002/6404 candidate sequences
[04:36:12]   scored 4500/6404 candidate sequences
[04:36:15]   scored 5004/6404 candidate sequences
[04:36:18]   scored 5502/6404 candidate sequences
[04:36:21]   scored 6000/6404 candidate sequences
[04:36:33]   scored 504/6404 candidate sequences
[04:36:35]   scored 1002/6404 candidate sequences
[04:36:37]   scored 1500/6404 candidate sequences
[04:36:39]   scored 2004/6404 candidate sequences
[04:36:41]   scored 2502/6404 candidate sequences
[04:36:43]   scored 3000/6404 candidate sequences
[04:36:46]   scored 3504/6404 candidate sequences
[04:36:48]   scored 4002/6404 candidate sequences
[04:36:50]   scored 4500/6404 candidate sequences
[04:36:53]   scored 5004/6404 candidate sequences
[04:36:56]   scored 5502/6404 candidate sequences
[04:37:00]   scored 6000/6404 candidate sequences
[04:37:11]   scored 504/6404 candidate sequences
[04:37:13]   scored 1002/6404 candidate sequences
[04:37:15]   scored 1500/6404 candidate sequences
[04:37:17]   scored 2004/6404 candidate sequences
[04:37:19]   scored 2502/6404 candidate sequences
[04:37:22]   scored 3000/6404 candidate sequences
[04:37:24]   scored 3504/6404 candidate sequences
[04:37:26]   scored 4002/6404 candidate sequences
[04:37:28]   scored 4500/6404 candidate sequences
[04:37:31]   scored 5004/6404 candidate sequences
[04:37:34]   scored 5502/6404 candidate sequences
[04:37:38]   scored 6000/6404 candidate sequences
[04:37:49]   scored 504/6404 candidate sequences
[04:37:51]   scored 1002/6404 candidate sequences
[04:37:53]   scored 1500/6404 candidate sequences
[04:37:56]   scored 2004/6404 candidate sequences
[04:37:58]   scored 2502/6404 candidate sequences
[04:38:00]   scored 3000/6404 candidate sequences
[04:38:02]   scored 3504/6404 candidate sequences
[04:38:04]   scored 4002/6404 candidate sequences
[04:38:07]   scored 4500/6404 candidate sequences
[04:38:10]   scored 5004/6404 candidate sequences
[04:38:13]   scored 5502/6404 candidate sequences
[04:38:16]   scored 6000/6404 candidate sequences
[04:38:27]   scored 504/6404 candidate sequences
[04:38:30]   scored 1002/6404 candidate sequences
[04:38:32]   scored 1500/6404 candidate sequences
[04:38:34]   scored 2004/6404 candidate sequences
[04:38:36]   scored 2502/6404 candidate sequences
[04:38:38]   scored 3000/6404 candidate sequences
[04:38:40]   scored 3504/6404 candidate sequences
[04:38:43]   scored 4002/6404 candidate sequences
[04:38:45]   scored 4500/6404 candidate sequences
[04:38:48]   scored 5004/6404 candidate sequences
[04:38:51]   scored 5502/6404 candidate sequences
[04:38:54]   scored 6000/6404 candidate sequences
[04:39:06]   scored 504/6404 candidate sequences
[04:39:08]   scored 1002/6404 candidate sequences
[04:39:10]   scored 1500/6404 candidate sequences
[04:39:12]   scored 2004/6404 candidate sequences
[04:39:14]   scored 2502/6404 candidate sequences
[04:39:16]   scored 3000/6404 candidate sequences
[04:39:19]   scored 3504/6404 candidate sequences
[04:39:21]   scored 4002/6404 candidate sequences
[04:39:23]   scored 4500/6404 candidate sequences
[04:39:26]   scored 5004/6404 candidate sequences
[04:39:29]   scored 5502/6404 candidate sequences
[04:39:33]   scored 6000/6404 candidate sequences
[04:39:44]   scored 504/6404 candidate sequences
[04:39:46]   scored 1002/6404 candidate sequences
[04:39:48]   scored 1500/6404 candidate sequences
[04:39:50]   scored 2004/6404 candidate sequences
[04:39:52]   scored 2502/6404 candidate sequences
[04:39:55]   scored 3000/6404 candidate sequences
[04:39:57]   scored 3504/6404 candidate sequences
[04:39:59]   scored 4002/6404 candidate sequences
[04:40:02]   scored 4500/6404 candidate sequences
[04:40:04]   scored 5004/6404 candidate sequences
[04:40:07]   scored 5502/6404 candidate sequences
[04:40:11]   scored 6000/6404 candidate sequences
[04:40:22]   scored 504/6404 candidate sequences
[04:40:24]   scored 1002/6404 candidate sequences
[04:40:26]   scored 1500/6404 candidate sequences
[04:40:28]   scored 2004/6404 candidate sequences
[04:40:31]   scored 2502/6404 candidate sequences
[04:40:33]   scored 3000/6404 candidate sequences
[04:40:35]   scored 3504/6404 candidate sequences
[04:40:37]   scored 4002/6404 candidate sequences
[04:40:40]   scored 4500/6404 candidate sequences
[04:40:43]   scored 5004/6404 candidate sequences
[04:40:46]   scored 5502/6404 candidate sequences
[04:40:49]   scored 6000/6404 candidate sequences
[04:41:00]   scored 504/6404 candidate sequences
[04:41:02]   scored 1002/6404 candidate sequences
[04:41:05]   scored 1500/6404 candidate sequences
[04:41:07]   scored 2004/6404 candidate sequences
[04:41:09]   scored 2502/6404 candidate sequences
[04:41:11]   scored 3000/6404 candidate sequences
[04:41:13]   scored 3504/6404 candidate sequences
[04:41:16]   scored 4002/6404 candidate sequences
[04:41:18]   scored 4500/6404 candidate sequences
[04:41:21]   scored 5004/6404 candidate sequences
[04:41:24]   scored 5502/6404 candidate sequences
[04:41:27]   scored 6000/6404 candidate sequences
[04:41:39]   scored 504/6404 candidate sequences
[04:41:41]   scored 1002/6404 candidate sequences
[04:41:43]   scored 1500/6404 candidate sequences
[04:41:45]   scored 2004/6404 candidate sequences
[04:41:47]   scored 2502/6404 candidate sequences
[04:41:49]   scored 3000/6404 candidate sequences
[04:41:52]   scored 3504/6404 candidate sequences
[04:41:54]   scored 4002/6404 candidate sequences
[04:41:56]   scored 4500/6404 candidate sequences
[04:41:59]   scored 5004/6404 candidate sequences
[04:42:02]   scored 5502/6404 candidate sequences
[04:42:06]   scored 6000/6404 candidate sequences
[04:42:12] [greedy_bias_aware] step 1: raise L22.self_attn.v_proj -> J=0.0654 bytes=6102706176
[04:42:12] [greedy_bias_aware] no improving feasible exchange at step 2; stop
[04:42:22]   scored 504/18514 candidate sequences
[04:42:24]   scored 1002/18514 candidate sequences
[04:42:26]   scored 1500/18514 candidate sequences
[04:42:28]   scored 2004/18514 candidate sequences
[04:42:30]   scored 2502/18514 candidate sequences
[04:42:32]   scored 3000/18514 candidate sequences
[04:42:34]   scored 3504/18514 candidate sequences
[04:42:36]   scored 4002/18514 candidate sequences
[04:42:38]   scored 4500/18514 candidate sequences
[04:42:40]   scored 5004/18514 candidate sequences
[04:42:42]   scored 5502/18514 candidate sequences
[04:42:44]   scored 6000/18514 candidate sequences
[04:42:47]   scored 6504/18514 candidate sequences
[04:42:49]   scored 7002/18514 candidate sequences
[04:42:51]   scored 7500/18514 candidate sequences
[04:42:53]   scored 8004/18514 candidate sequences
[04:42:55]   scored 8502/18514 candidate sequences
[04:42:57]   scored 9000/18514 candidate sequences
[04:43:00]   scored 9504/18514 candidate sequences
[04:43:02]   scored 10002/18514 candidate sequences
[04:43:04]   scored 10500/18514 candidate sequences
[04:43:06]   scored 11004/18514 candidate sequences
[04:43:09]   scored 11502/18514 candidate sequences
[04:43:11]   scored 12000/18514 candidate sequences
[04:43:14]   scored 12504/18514 candidate sequences
[04:43:16]   scored 13002/18514 candidate sequences
[04:43:19]   scored 13500/18514 candidate sequences
[04:43:22]   scored 14004/18514 candidate sequences
[04:43:25]   scored 14502/18514 candidate sequences
[04:43:28]   scored 15000/18514 candidate sequences
[04:43:31]   scored 15504/18514 candidate sequences
[04:43:35]   scored 16002/18514 candidate sequences
[04:43:38]   scored 16500/18514 candidate sequences
[04:43:42]   scored 17004/18514 candidate sequences
[04:43:46]   scored 17502/18514 candidate sequences
[04:43:50]   scored 18000/18514 candidate sequences
[04:43:55]   scored 18504/18514 candidate sequences
[04:43:58] final greedy_bias_aware: J=0.3344 H=0.1875 A=0.1667 acc=0.8640996602491506 ppl=11.98 bytes=6102706176
[04:44:06]   scored 504/18514 candidate sequences
[04:44:08]   scored 1002/18514 candidate sequences
[04:44:10]   scored 1500/18514 candidate sequences
[04:44:13]   scored 2004/18514 candidate sequences
[04:44:15]   scored 2502/18514 candidate sequences
[04:44:17]   scored 3000/18514 candidate sequences
[04:44:19]   scored 3504/18514 candidate sequences
[04:44:21]   scored 4002/18514 candidate sequences
[04:44:23]   scored 4500/18514 candidate sequences
[04:44:25]   scored 5004/18514 candidate sequences
[04:44:27]   scored 5502/18514 candidate sequences
[04:44:29]   scored 6000/18514 candidate sequences
[04:44:31]   scored 6504/18514 candidate sequences
[04:44:33]   scored 7002/18514 candidate sequences
[04:44:36]   scored 7500/18514 candidate sequences
[04:44:38]   scored 8004/18514 candidate sequences
[04:44:40]   scored 8502/18514 candidate sequences
[04:44:42]   scored 9000/18514 candidate sequences
[04:44:44]   scored 9504/18514 candidate sequences
[04:44:47]   scored 10002/18514 candidate sequences
[04:44:49]   scored 10500/18514 candidate sequences
[04:44:51]   scored 11004/18514 candidate sequences
[04:44:53]   scored 11502/18514 candidate sequences
[04:44:56]   scored 12000/18514 candidate sequences
[04:44:58]   scored 12504/18514 candidate sequences
[04:45:01]   scored 13002/18514 candidate sequences
[04:45:04]   scored 13500/18514 candidate sequences
[04:45:07]   scored 14004/18514 candidate sequences
[04:45:10]   scored 14502/18514 candidate sequences
[04:45:13]   scored 15000/18514 candidate sequences
[04:45:16]   scored 15504/18514 candidate sequences
[04:45:19]   scored 16002/18514 candidate sequences
[04:45:23]   scored 16500/18514 candidate sequences
[04:45:27]   scored 17004/18514 candidate sequences
[04:45:31]   scored 17502/18514 candidate sequences
[04:45:35]   scored 18000/18514 candidate sequences
[04:45:39]   scored 18504/18514 candidate sequences
[04:45:42] final uniform4: J=0.2731 H=0.1667 A=0.1250 acc=0.8640996602491506 ppl=11.95 bytes=6098479104
[04:45:51]   scored 504/18514 candidate sequences
[04:45:53]   scored 1002/18514 candidate sequences
[04:45:55]   scored 1500/18514 candidate sequences
[04:45:57]   scored 2004/18514 candidate sequences
[04:45:59]   scored 2502/18514 candidate sequences
[04:46:02]   scored 3000/18514 candidate sequences
[04:46:04]   scored 3504/18514 candidate sequences
[04:46:06]   scored 4002/18514 candidate sequences
[04:46:08]   scored 4500/18514 candidate sequences
[04:46:10]   scored 5004/18514 candidate sequences
[04:46:12]   scored 5502/18514 candidate sequences
[04:46:14]   scored 6000/18514 candidate sequences
[04:46:16]   scored 6504/18514 candidate sequences
[04:46:18]   scored 7002/18514 candidate sequences
[04:46:20]   scored 7500/18514 candidate sequences
[04:46:23]   scored 8004/18514 candidate sequences
[04:46:25]   scored 8502/18514 candidate sequences
[04:46:27]   scored 9000/18514 candidate sequences
[04:46:29]   scored 9504/18514 candidate sequences
[04:46:31]   scored 10002/18514 candidate sequences
[04:46:34]   scored 10500/18514 candidate sequences
[04:46:36]   scored 11004/18514 candidate sequences
[04:46:38]   scored 11502/18514 candidate sequences
[04:46:41]   scored 12000/18514 candidate sequences
[04:46:43]   scored 12504/18514 candidate sequences
[04:46:46]   scored 13002/18514 candidate sequences
[04:46:48]   scored 13500/18514 candidate sequences
[04:46:51]   scored 14004/18514 candidate sequences
[04:46:54]   scored 14502/18514 candidate sequences
[04:46:58]   scored 15000/18514 candidate sequences
[04:47:01]   scored 15504/18514 candidate sequences
[04:47:04]   scored 16002/18514 candidate sequences
[04:47:08]   scored 16500/18514 candidate sequences
[04:47:11]   scored 17004/18514 candidate sequences
[04:47:15]   scored 17502/18514 candidate sequences
[04:47:19]   scored 18000/18514 candidate sequences
[04:47:24]   scored 18504/18514 candidate sequences
[04:47:27] final random: J=0.2750 H=0.1667 A=0.1250 acc=0.8714609286523216 ppl=11.85 bytes=6707177472
[04:47:36]   scored 504/18514 candidate sequences
[04:47:38]   scored 1002/18514 candidate sequences
[04:47:40]   scored 1500/18514 candidate sequences
[04:47:42]   scored 2004/18514 candidate sequences
[04:47:44]   scored 2502/18514 candidate sequences
[04:47:46]   scored 3000/18514 candidate sequences
[04:47:49]   scored 3504/18514 candidate sequences
[04:47:51]   scored 4002/18514 candidate sequences
[04:47:53]   scored 4500/18514 candidate sequences
[04:47:55]   scored 5004/18514 candidate sequences
[04:47:57]   scored 5502/18514 candidate sequences
[04:47:59]   scored 6000/18514 candidate sequences
[04:48:01]   scored 6504/18514 candidate sequences
[04:48:03]   scored 7002/18514 candidate sequences
[04:48:05]   scored 7500/18514 candidate sequences
[04:48:08]   scored 8004/18514 candidate sequences
[04:48:10]   scored 8502/18514 candidate sequences
[04:48:12]   scored 9000/18514 candidate sequences
[04:48:14]   scored 9504/18514 candidate sequences
[04:48:16]   scored 10002/18514 candidate sequences
[04:48:19]   scored 10500/18514 candidate sequences
[04:48:21]   scored 11004/18514 candidate sequences
[04:48:23]   scored 11502/18514 candidate sequences
[04:48:26]   scored 12000/18514 candidate sequences
[04:48:28]   scored 12504/18514 candidate sequences
[04:48:31]   scored 13002/18514 candidate sequences
[04:48:34]   scored 13500/18514 candidate sequences
[04:48:36]   scored 14004/18514 candidate sequences
[04:48:39]   scored 14502/18514 candidate sequences
[04:48:43]   scored 15000/18514 candidate sequences
[04:48:46]   scored 15504/18514 candidate sequences
[04:48:49]   scored 16002/18514 candidate sequences
[04:48:53]   scored 16500/18514 candidate sequences
[04:48:56]   scored 17004/18514 candidate sequences
[04:49:00]   scored 17502/18514 candidate sequences
[04:49:04]   scored 18000/18514 candidate sequences
[04:49:09]   scored 18504/18514 candidate sequences
[04:49:12] final ppl_only: J=0.3172 H=0.1875 A=0.1250 acc=0.8652321630804077 ppl=11.54 bytes=6707177472
[04:49:21]   scored 504/18514 candidate sequences
[04:49:23]   scored 1002/18514 candidate sequences
[04:49:25]   scored 1500/18514 candidate sequences
[04:49:27]   scored 2004/18514 candidate sequences
[04:49:29]   scored 2502/18514 candidate sequences
[04:49:31]   scored 3000/18514 candidate sequences
[04:49:33]   scored 3504/18514 candidate sequences
[04:49:35]   scored 4002/18514 candidate sequences
[04:49:37]   scored 4500/18514 candidate sequences
[04:49:40]   scored 5004/18514 candidate sequences
[04:49:42]   scored 5502/18514 candidate sequences
[04:49:44]   scored 6000/18514 candidate sequences
[04:49:46]   scored 6504/18514 candidate sequences
[04:49:48]   scored 7002/18514 candidate sequences
[04:49:50]   scored 7500/18514 candidate sequences
[04:49:52]   scored 8004/18514 candidate sequences
[04:49:55]   scored 8502/18514 candidate sequences
[04:49:57]   scored 9000/18514 candidate sequences
[04:49:59]   scored 9504/18514 candidate sequences
[04:50:01]   scored 10002/18514 candidate sequences
[04:50:03]   scored 10500/18514 candidate sequences
[04:50:06]   scored 11004/18514 candidate sequences
[04:50:08]   scored 11502/18514 candidate sequences
[04:50:10]   scored 12000/18514 candidate sequences
[04:50:13]   scored 12504/18514 candidate sequences
[04:50:15]   scored 13002/18514 candidate sequences
[04:50:18]   scored 13500/18514 candidate sequences
[04:50:21]   scored 14004/18514 candidate sequences
[04:50:24]   scored 14502/18514 candidate sequences
[04:50:27]   scored 15000/18514 candidate sequences
[04:50:31]   scored 15504/18514 candidate sequences
[04:50:34]   scored 16002/18514 candidate sequences
[04:50:37]   scored 16500/18514 candidate sequences
[04:50:41]   scored 17004/18514 candidate sequences
[04:50:45]   scored 17502/18514 candidate sequences
[04:50:49]   scored 18000/18514 candidate sequences
[04:50:54]   scored 18504/18514 candidate sequences
[04:50:57] final margin_only: J=0.1878 H=0.1250 A=0.0833 acc=0.8765571913929785 ppl=11.83 bytes=6707177472
[04:50:58] === done in 8761s -> /workspace/Quant_Bias/quant-bias/results/e4/qwen3_8b ===
